"Id","Alias","Classification","Regions","Archive","Model","MaterialMeshes","Scenes","Evidence"
"c1013","Hanbei the Undying (Alternate)","Parasite — strong evidence","Ashina Outskirts","C:\Program Files (x86)\Steam\steamapps\common\Sekiro\chr\c1013.chrbnd.dcx","N:\NTC\data\Target\INTERROOT_win64\chr\c1013\c1013.flver","0","","Worm1 | R_WormLeg01 | L_WormLeg01 | Worm2 | R_WormLeg02 | L_WormLeg02 | Worm3 | R_WormLeg03 | L_WormLeg03 | Worm4 | R_WormLeg04 | L_WormLeg04 | Worm5 | R_WormLeg05 | L_WormLeg05 | Worm6 | R_WormLeg06 | L_WormLeg06 | Worm7 | R_WormLeg07 | L_WormLeg07 | Worm8 | R_WormLeg08 | L_WormLeg08 | Worm9 | L_WormLeg09 | R_WormLeg09 | Worm10 | Worm11 | Worm12 | Worm13 | Worm14 | Worm15 | WormHead | R_WormLeg15 | L_WormLeg15 | R_WormLeg14 | L_WormLeg14 | R_WormLeg13 | L_WormLeg13 | R_WormLeg12 | L_WormLeg12 | R_WormLeg11 | L_WormLeg11 | R_WormLeg10 | L_WormLeg10 | c5001_insect_Antennaew | System_roll_Worm1 | System_roll_Worm2 | System_roll_Worm3 | System_roll_Worm4 | System_roll_Worm5 | System_roll_Worm6 | System_roll_Worm7 | System_roll_Worm8 | System_roll_Worm9 | System_roll_Worm10 | System_roll_Worm11 | System_roll_Worm12 | System_roll_Worm13 | System_roll_Worm14 | System_roll_Worm15 | System_roll_Worm16 | Ctrl_WormHead | Ctrl_WormHead_Dummy | Spline_pos_Worm1 | Spline_Worm1 | Ctrl_L_WormLeg01 | Ctrl_R_WormLeg01 | Spline_pos_Worm2 | Spline_Worm2 | Ctrl_L_WormLeg02 | Ctrl_R_WormLeg02 | Spline_pos_Worm3 | Spline_Worm3 | Ctrl_L_WormLeg03 | Ctrl_R_WormLeg03 | Spline_pos_Worm4 | Spline_Worm4 | Ctrl_L_WormLeg04 | Ctrl_R_WormLeg04 | Spline_pos_Worm5 | Spline_Worm5 | Ctrl_L_WormLeg05 | Ctrl_R_WormLeg05 | Spline_pos_Worm6 | Spline_Worm6 | Ctrl_L_WormLeg06 | Ctrl_R_WormLeg06 | Spline_pos_Worm7 | Spline_Worm7 | Ctrl_L_WormLeg07 | Ctrl_R_WormLeg07 | Spline_pos_Worm8 | Spline_Worm8 | Ctrl_L_WormLeg08 | Ctrl_R_WormLeg08 | Spline_pos_Worm9 | Spline_Worm9 | Ctrl_L_WormLeg09 | Ctrl_R_WormLeg09 | Spline_pos_Worm10 | Spline_Worm10 | Ctrl_L_WormLeg10 | Ctrl_R_WormLeg10 | Spline_pos_Worm11 | Spline_Worm11 | Ctrl_L_WormLeg11 | Ctrl_R_WormLeg11 | Spline_pos_Worm12 | Spline_Worm12 | Ctrl_L_WormLeg12 | Ctrl_R_WormLeg12 | Spline_pos_Worm13 | Spline_Worm13 | Ctrl_L_WormLeg13 | Ctrl_R_WormLeg13 | Spline_pos_Worm14 | Spline_Worm14 | Ctrl_L_WormLeg14 | Ctrl_R_WormLeg14 | Spline_pos_Worm15 | Spline_Worm15 | Ctrl_L_WormLeg15 | Ctrl_R_WormLeg15 | Spline_pos_Worm16 | Spline_Worm16 | Ctrl_Worm_Handle1 | Ctrl_Worm_Handle4 | Ctrl_Worm_Handle2 | Ctrl_Worm_Handle3 | CATRig_Worm_Handle1 | CATRig_Worm_Handle4 | CATRig_Worm_Handle3 | CATRig_Worm_Handle2 | CATRig_Worm1 | CATRig_Worm2 | CATRig_Worm3 | CATRig_Worm4 | CATRig_Worm5 | CATRig_Worm6 | CATRig_Worm7 | CATRig_Worm8 | CATRig_Worm9 | CATRig_Worm10 | CATRig_Worm11 | CATRig_Worm12 | CATRig_Worm13 | CATRig_Worm14 | CATRig_Worm15 | CATRig_R_WormLeg15 | CATRig_L_WormLeg15 | CATRig_L_WormLeg14 | CATRig_R_WormLeg14 | CATRig_L_WormLeg13 | CATRig_R_WormLeg13 | CATRig_L_WormLeg12 | CATRig_R_WormLeg12 | CATRig_L_WormLeg11 | CATRig_R_WormLeg11 | CATRig_L_WormLeg10 | CATRig_R_WormLeg10 | CATRig_L_WormLeg09 | CATRig_R_WormLeg09 | CATRig_L_WormLeg08 | CATRig_R_WormLeg08 | CATRig_L_WormLeg07 | CATRig_R_WormLeg07 | CATRig_L_WormLeg06 | CATRig_R_WormLeg06 | CATRig_L_WormLeg05 | CATRig_R_WormLeg05 | CATRig_L_WormLeg04 | CATRig_R_WormLeg04 | CATRig_L_WormLeg03 | CATRig_R_WormLeg03 | CATRig_L_WormLeg02 | CATRig_R_WormLeg02 | CATRig_L_WormLeg01 | CATRig_R_WormLeg01 | CATRig_Worm_Spine1 | CATRig_Worm_Spine2 | CATRig_Worm_Spine3 | CATRig_Worm_Spine4 | CATRig_Worm_Spine5 | CATRig_Worm_Spine6 | CATRig_Worm_Spine7 | CATRig_Worm_Spine8 | CATRig_Worm_Spine9 | CATRig_Worm_Spine10 | CATRig_Worm_Spine11 | CATRig_Worm_Spine12 | CATRig_Worm_Spine13 | CATRig_Worm_Spine14 | CATRig_Worm_Spine | CATRig_WormHead | N:\NTC\data\Material\mtd\character\c1013_centipede_Decal.mtd"
"c1030","Centipede","PROTECTED — Long-arm family","Sunken Valley; Senpou Temple","C:\Program Files (x86)\Steam\steamapps\common\Sekiro\chr\c1030.chrbnd.dcx","N:\NTC\data\Target\INTERROOT_win64\chr\c1030\c1030.flver","","","Centipede"
"c1040","Centipede Boss","PROTECTED — Long-arm family","Sunken Valley; Senpou Temple","C:\Program Files (x86)\Steam\steamapps\common\Sekiro\chr\c1040.chrbnd.dcx","N:\NTC\data\Target\INTERROOT_win64\chr\c1040\c1040.flver","","","Centipede Boss"
"c1200","Infested Seeker (Parasite)","Parasite — strong evidence","Senpou Temple","C:\Program Files (x86)\Steam\steamapps\common\Sekiro\chr\c1200.chrbnd.dcx","N:\NTC\data\Target\INTERROOT_win64\chr\c1200\c1200.flver","0, 1, 5","","Infested Seeker (Parasite) | AbdomenWorm1 | AbdomenWorm2 | AbdomenWorm3 | AbdomenWorm4 | AbdomenWorm5 | AbdomenWorm6 | AbdomenWorm7 | AbdomenWorm8 | AbdomenWorm9 | AbdomenWorm10 | AbdomenWorm11 | AbdomenWorm12 | AbdomenWorm13 | AbdomenWorm14 | AbdomenWorm15 | AbdomenWorm16 | AbdomenWorm17 | AbdomenWorm18 | AbdomenWorm19 | AbdomenWorm20 | AbdomenWorm21 | AbdomenWorm22 | AbdomenWorm23 | AbdomenWorm24 | AbdomenWorm25 | AbdomenWorm26 | AbdomenWorm27 | AbdomenWorm28 | AbdomenWorm29 | AbdomenWorm30 | AbdomenWorm31 | AbdomenWorm32 | AbdomenWorm33 | AbdomenWorm34 | AbdomenWorm35 | AbdomenWorm36 | L_AbdomenWorm_Leg073 | L_AbdomenWorm_Leg074 | R_AbdomenWorm_Leg073 | R_AbdomenWorm_Leg074 | AbdomenWormHead | L_AbdomenWormChin | R_WormChin | L_AbdomenWormFeeler01 | L_AbdomenWormFeeler02 | L_AbdomenWormFeeler03 | L_AbdomenWormFeeler04 | L_AbdomenWormFeeler05 | L_AbdomenWormFeeler06 | R_AbdomenWormFeeler01 | R_AbdomenWormFeeler02 | R_AbdomenWormFeeler03 | R_AbdomenWormFeeler04 | R_AbdomenWormFeeler05 | R_AbdomenWormFeeler06 | L_AbdomenWorm_Leg075 | R_AbdomenWorm_Leg075 | L_AbdomenWorm_Leg071 | L_AbdomenWorm_Leg072 | R_AbdomenWorm_Leg071 | R_AbdomenWorm_Leg072 | L_AbdomenWorm_Leg068 | L_AbdomenWorm_Leg069 | L_AbdomenWorm_Leg070 | R_AbdomenWorm_Leg068 | R_AbdomenWorm_Leg069 | R_AbdomenWorm_Leg070 | L_AbdomenWorm_Leg066 | L_AbdomenWorm_Leg067 | R_AbdomenWorm_Leg066 | R_AbdomenWorm_Leg067 | L_AbdomenWorm_Leg064 | L_AbdomenWorm_Leg065 | R_AbdomenWorm_Leg064 | R_AbdomenWorm_Leg065 | L_AbdomenWorm_Leg062 | L_AbdomenWorm_Leg063 | R_AbdomenWorm_Leg062 | R_AbdomenWorm_Leg063 | L_AbdomenWorm_Leg060 | L_AbdomenWorm_Leg061 | R_AbdomenWorm_Leg060 | R_AbdomenWorm_Leg061 | L_AbdomenWorm_Leg058 | L_AbdomenWorm_Leg059 | R_AbdomenWorm_Leg058 | R_AbdomenWorm_Leg059 | L_AbdomenWorm_Leg056 | L_AbdomenWorm_Leg057 | R_AbdomenWorm_Leg056 | R_AbdomenWorm_Leg057 | L_AbdomenWorm_Leg054 | L_AbdomenWorm_Leg055 | R_AbdomenWorm_Leg054 | R_AbdomenWorm_Leg055 | L_AbdomenWorm_Leg051 | L_AbdomenWorm_Leg052 | L_AbdomenWorm_Leg053 | R_AbdomenWorm_Leg051 | R_AbdomenWorm_Leg052 | R_AbdomenWorm_Leg053 | L_AbdomenWorm_Leg049 | L_AbdomenWorm_Leg050 | R_AbdomenWorm_Leg049 | R_AbdomenWorm_Leg050 | L_AbdomenWorm_Leg047 | L_AbdomenWorm_Leg048 | R_AbdomenWorm_Leg047 | R_AbdomenWorm_Leg048 | L_AbdomenWorm_Leg045 | L_AbdomenWorm_Leg046 | R_AbdomenWorm_Leg045 | R_AbdomenWorm_Leg046 | L_AbdomenWorm_Leg043 | L_AbdomenWorm_Leg044 | R_AbdomenWorm_Leg043 | R_AbdomenWorm_Leg044 | L_AbdomenWorm_Leg041 | L_AbdomenWorm_Leg042 | R_AbdomenWorm_Leg041 | R_AbdomenWorm_Leg042 | L_AbdomenWorm_Leg038 | L_AbdomenWorm_Leg039 | L_AbdomenWorm_Leg040 | R_AbdomenWorm_Leg038 | R_AbdomenWorm_Leg039 | R_AbdomenWorm_Leg040 | L_AbdomenWorm_Leg036 | L_AbdomenWorm_Leg037 | R_AbdomenWorm_Leg036 | R_AbdomenWorm_Leg037 | L_AbdomenWorm_Leg034 | L_AbdomenWorm_Leg035 | R_AbdomenWorm_Leg034 | R_AbdomenWorm_Leg035 | L_AbdomenWorm_Leg032 | L_AbdomenWorm_Leg033 | R_AbdomenWorm_Leg032 | R_AbdomenWorm_Leg033 | L_AbdomenWorm_Leg030 | L_AbdomenWorm_Leg031 | R_AbdomenWorm_Leg030 | R_AbdomenWorm_Leg031 | L_AbdomenWorm_Leg028 | L_AbdomenWorm_Leg029 | R_AbdomenWorm_Leg028 | R_AbdomenWorm_Leg029 | L_AbdomenWorm_Leg026 | L_AbdomenWorm_Leg027 | R_AbdomenWorm_Leg026 | R_AbdomenWorm_Leg027 | L_AbdomenWorm_Leg023 | L_AbdomenWorm_Leg024 | L_AbdomenWorm_Leg025 | R_AbdomenWorm_Leg023 | R_AbdomenWorm_Leg024 | R_AbdomenWorm_Leg025 | L_AbdomenWorm_Leg021 | R_AbdomenWorm_Leg021 | L_AbdomenWorm_Leg022 | R_AbdomenWorm_Leg022 | L_AbdomenWorm_Leg019 | L_AbdomenWorm_Leg020 | R_AbdomenWorm_Leg019 | R_AbdomenWorm_Leg020 | L_AbdomenWorm_Leg017 | L_AbdomenWorm_Leg018 | R_AbdomenWorm_Leg017 | R_AbdomenWorm_Leg018 | L_AbdomenWorm_Leg015 | L_AbdomenWorm_Leg016 | R_AbdomenWorm_Leg015 | R_AbdomenWorm_Leg016 | L_AbdomenWorm_Leg013 | L_AbdomenWorm_Leg014 | R_AbdomenWorm_Leg013 | R_AbdomenWorm_Leg014 | L_AbdomenWorm_Leg011 | L_AbdomenWorm_Leg012 | R_AbdomenWorm_Leg011 | R_AbdomenWorm_Leg012 | L_AbdomenWorm_Leg009 | L_AbdomenWorm_Leg010 | R_AbdomenWorm_Leg009 | R_AbdomenWorm_Leg010 | L_AbdomenWorm_Leg007 | L_AbdomenWorm_Leg008 | R_AbdomenWorm_Leg007 | R_AbdomenWorm_Leg008 | L_AbdomenWorm_Leg005 | L_AbdomenWorm_Leg006 | R_AbdomenWorm_Leg005 | R_AbdomenWorm_Leg006 | L_AbdomenWorm_Leg003 | L_AbdomenWorm_Leg004 | R_AbdomenWorm_Leg003 | R_AbdomenWorm_Leg004 | L_AbdomenWorm_Leg001 | L_AbdomenWorm_Leg002 | R_AbdomenWorm_Leg001 | R_AbdomenWorm_Leg002 | GroundWorm4 | GroundWorm1 | GroundWorm2 | GroundWorm3 | Ctrl_GroundWorm_Handle1 | Ctrl_GroundWorm_Handle2 | Ctrl_GroundWorm_Handle3 | Ctrl_GroundWorm_Handle5 | Ctrl_GroundWorm_Handle4 | Ctrl_GroundWorm2 | Ctrl_GroundWorm3 | Ctrl_GroundWorm4 | Ctrl_GroundWorm1 | AbdomenWorm_Root | System_roll_AbdomenWorm1 | System_roll_AbdomenWorm2 | System_roll_AbdomenWorm3 | System_roll_AbdomenWorm4 | System_roll_AbdomenWorm5 | System_roll_AbdomenWorm6 | System_roll_AbdomenWorm7 | System_roll_AbdomenWorm8 | System_roll_AbdomenWorm9 | System_roll_AbdomenWorm10 | System_roll_AbdomenWorm11 | System_roll_AbdomenWorm12 | System_roll_AbdomenWorm13 | System_roll_AbdomenWorm14 | System_roll_AbdomenWorm15 | System_roll_AbdomenWorm16 | System_roll_AbdomenWorm17 | System_roll_AbdomenWorm18 | System_roll_AbdomenWorm19 | System_roll_AbdomenWorm20 | System_roll_AbdomenWorm21 | System_roll_AbdomenWorm22 | System_roll_AbdomenWorm23 | System_roll_AbdomenWorm24 | System_roll_AbdomenWorm25 | System_roll_AbdomenWorm26 | System_roll_AbdomenWorm27 | System_roll_AbdomenWorm28 | System_roll_AbdomenWorm29 | System_roll_AbdomenWorm30 | System_roll_AbdomenWorm31 | System_roll_AbdomenWorm32 | System_roll_AbdomenWorm33 | System_roll_AbdomenWorm34 | System_roll_AbdomenWorm35 | System_roll_AbdomenWorm36 | System_roll_AbdomenWorm37 | Spline_pos_AbdomenWorm1 | Spline_AbdomenWorm1 | Spline_pos_AbdomenWorm2 | Spline_AbdomenWorm2 | Ctrl_L_AbdomenWorm_Leg001 | Ctrl_L_AbdomenWorm_Leg002 | Ctrl_R_AbdomenWorm_Leg001 | Ctrl_R_AbdomenWorm_Leg002 | Spline_pos_AbdomenWorm3 | Spline_AbdomenWorm3 | Ctrl_L_AbdomenWorm_Leg003 | Ctrl_L_AbdomenWorm_Leg004 | Ctrl_R_AbdomenWorm_Leg003 | Ctrl_R_AbdomenWorm_Leg004 | Spline_pos_AbdomenWorm4 | Spline_AbdomenWorm4 | Ctrl_L_AbdomenWorm_Leg005 | Ctrl_L_AbdomenWorm_Leg006 | Ctrl_R_AbdomenWorm_Leg005 | Ctrl_R_AbdomenWorm_Leg006 | Spline_pos_AbdomenWorm5 | Spline_AbdomenWorm5 | Ctrl_L_AbdomenWorm_Leg007 | Ctrl_L_AbdomenWorm_Leg008 | Ctrl_R_AbdomenWorm_Leg007 | Ctrl_R_AbdomenWorm_Leg008 | Spline_pos_AbdomenWorm6 | Spline_AbdomenWorm6 | Ctrl_L_AbdomenWorm_Leg009 | Ctrl_L_AbdomenWorm_Leg010 | Ctrl_R_AbdomenWorm_Leg009 | Ctrl_R_AbdomenWorm_Leg010 | Spline_pos_AbdomenWorm7 | Spline_AbdomenWorm7 | Ctrl_L_AbdomenWorm_Leg011 | Ctrl_L_AbdomenWorm_Leg012 | Ctrl_R_AbdomenWorm_Leg011 | Ctrl_R_AbdomenWorm_Leg012 | Spline_pos_AbdomenWorm8 | Spline_AbdomenWorm8 | Ctrl_L_AbdomenWorm_Leg013 | Ctrl_L_AbdomenWorm_Leg014 | Ctrl_R_AbdomenWorm_Leg013 | Ctrl_R_AbdomenWorm_Leg014 | Spline_pos_AbdomenWorm9 | Spline_AbdomenWorm9 | Ctrl_L_AbdomenWorm_Leg015 | Ctrl_L_AbdomenWorm_Leg016 | Ctrl_R_AbdomenWorm_Leg015 | Ctrl_R_AbdomenWorm_Leg016 | Spline_pos_AbdomenWorm10 | Spline_AbdomenWorm10 | Ctrl_L_AbdomenWorm_Leg017 | Ctrl_L_AbdomenWorm_Leg018 | Ctrl_R_AbdomenWorm_Leg017 | Ctrl_R_AbdomenWorm_Leg018 | Spline_pos_AbdomenWorm11 | Spline_AbdomenWorm11 | Ctrl_L_AbdomenWorm_Leg019 | Ctrl_L_AbdomenWorm_Leg020 | Ctrl_R_AbdomenWorm_Leg019 | Ctrl_R_AbdomenWorm_Leg020 | Spline_pos_AbdomenWorm12 | Spline_AbdomenWorm12 | Ctrl_L_AbdomenWorm_Leg021 | Ctrl_L_AbdomenWorm_Leg022 | Ctrl_R_AbdomenWorm_Leg021 | Ctrl_R_AbdomenWorm_Leg022 | Spline_pos_AbdomenWorm13 | Spline_AbdomenWorm13 | Ctrl_L_AbdomenWorm_Leg023 | Ctrl_L_AbdomenWorm_Leg024 | Ctrl_L_AbdomenWorm_Leg025 | Ctrl_R_AbdomenWorm_Leg023 | Ctrl_R_AbdomenWorm_Leg024 | Ctrl_R_AbdomenWorm_Leg025 | Spline_pos_AbdomenWorm14 | Spline_AbdomenWorm14 | Ctrl_L_AbdomenWorm_Leg026 | Ctrl_L_AbdomenWorm_Leg027 | Ctrl_R_AbdomenWorm_Leg026 | Ctrl_R_AbdomenWorm_Leg027 | Spline_pos_AbdomenWorm15 | Spline_AbdomenWorm15 | Ctrl_L_AbdomenWorm_Leg028 | Ctrl_L_AbdomenWorm_Leg029 | Ctrl_R_AbdomenWorm_Leg028 | Ctrl_R_AbdomenWorm_Leg029 | Spline_pos_AbdomenWorm16 | Spline_AbdomenWorm16 | Ctrl_L_AbdomenWorm_Leg030 | Ctrl_L_AbdomenWorm_Leg031 | Ctrl_R_AbdomenWorm_Leg031 | Ctrl_R_AbdomenWorm_Leg030 | Spline_pos_AbdomenWorm17 | Spline_AbdomenWorm17 | Ctrl_L_AbdomenWorm_Leg032 | Ctrl_L_AbdomenWorm_Leg033 | Ctrl_R_AbdomenWorm_Leg032 | Ctrl_R_AbdomenWorm_Leg033 | Spline_pos_AbdomenWorm18 | Spline_AbdomenWorm18 | Ctrl_L_AbdomenWorm_Leg034 | Ctrl_L_AbdomenWorm_Leg035 | Ctrl_R_AbdomenWorm_Leg034 | Ctrl_R_AbdomenWorm_Leg035 | Spline_pos_AbdomenWorm19 | Spline_AbdomenWorm19 | Ctrl_L_AbdomenWorm_Leg036 | Ctrl_L_AbdomenWorm_Leg037 | Ctrl_R_AbdomenWorm_Leg036 | Ctrl_R_AbdomenWorm_Leg037 | Spline_pos_AbdomenWorm20 | Spline_AbdomenWorm20 | Ctrl_L_AbdomenWorm_Leg038 | Ctrl_L_AbdomenWorm_Leg039 | Ctrl_L_AbdomenWorm_Leg040 | Ctrl_R_AbdomenWorm_Leg038 | Ctrl_R_AbdomenWorm_Leg039 | Ctrl_R_AbdomenWorm_Leg040 | Spline_pos_AbdomenWorm21 | Spline_AbdomenWorm21 | Ctrl_L_AbdomenWorm_Leg041 | Ctrl_L_AbdomenWorm_Leg042 | Ctrl_R_AbdomenWorm_Leg041 | Ctrl_R_AbdomenWorm_Leg042 | Spline_pos_AbdomenWorm22 | Spline_AbdomenWorm22 | Ctrl_L_AbdomenWorm_Leg043 | Ctrl_L_AbdomenWorm_Leg044 | Ctrl_R_AbdomenWorm_Leg043 | Ctrl_R_AbdomenWorm_Leg044 | Spline_pos_AbdomenWorm23 | Spline_AbdomenWorm23 | Ctrl_L_AbdomenWorm_Leg045 | Ctrl_L_AbdomenWorm_Leg046 | Ctrl_R_AbdomenWorm_Leg045 | Ctrl_R_AbdomenWorm_Leg046 | Spline_pos_AbdomenWorm24 | Spline_AbdomenWorm24 | Ctrl_L_AbdomenWorm_Leg047 | Ctrl_L_AbdomenWorm_Leg048 | Ctrl_R_AbdomenWorm_Leg047 | Ctrl_R_AbdomenWorm_Leg048 | Spline_pos_AbdomenWorm25 | Spline_AbdomenWorm25 | Ctrl_L_AbdomenWorm_Leg049 | Ctrl_L_AbdomenWorm_Leg050 | Ctrl_R_AbdomenWorm_Leg049 | Ctrl_R_AbdomenWorm_Leg050 | Spline_pos_AbdomenWorm26 | Spline_AbdomenWorm26 | Ctrl_L_AbdomenWorm_Leg051 | Ctrl_L_AbdomenWorm_Leg052 | Ctrl_L_AbdomenWorm_Leg053 | Ctrl_R_AbdomenWorm_Leg051 | Ctrl_R_AbdomenWorm_Leg052 | Ctrl_R_AbdomenWorm_Leg053 | Spline_pos_AbdomenWorm27 | Spline_AbdomenWorm27 | Ctrl_L_AbdomenWorm_Leg054 | Ctrl_L_AbdomenWorm_Leg055 | Ctrl_R_AbdomenWorm_Leg054 | Ctrl_R_AbdomenWorm_Leg055 | Spline_pos_AbdomenWorm28 | Spline_AbdomenWorm28 | Ctrl_L_AbdomenWorm_Leg056 | Ctrl_L_AbdomenWorm_Leg057 | Ctrl_R_AbdomenWorm_Leg056 | Ctrl_R_AbdomenWorm_Leg057 | Spline_pos_AbdomenWorm29 | Spline_AbdomenWorm29 | Ctrl_L_AbdomenWorm_Leg058 | Ctrl_L_AbdomenWorm_Leg059 | Ctrl_R_AbdomenWorm_Leg058 | Ctrl_R_AbdomenWorm_Leg059 | Spline_pos_AbdomenWorm30 | Spline_AbdomenWorm30 | Ctrl_L_AbdomenWorm_Leg060 | Ctrl_L_AbdomenWorm_Leg061 | Ctrl_R_AbdomenWorm_Leg060 | Ctrl_R_AbdomenWorm_Leg061 | Spline_pos_AbdomenWorm31 | Spline_AbdomenWorm31 | Ctrl_L_AbdomenWorm_Leg062 | Ctrl_L_AbdomenWorm_Leg063 | Ctrl_R_AbdomenWorm_Leg062 | Ctrl_R_AbdomenWorm_Leg063 | Spline_pos_AbdomenWorm32 | Spline_AbdomenWorm32 | Ctrl_L_AbdomenWorm_Leg064 | Ctrl_L_AbdomenWorm_Leg065 | Ctrl_R_AbdomenWorm_Leg064 | Ctrl_R_AbdomenWorm_Leg065 | Spline_pos_AbdomenWorm33 | Spline_AbdomenWorm33 | Ctrl_L_AbdomenWorm_Leg066 | Ctrl_L_AbdomenWorm_Leg067 | Ctrl_R_AbdomenWorm_Leg066 | Ctrl_R_AbdomenWorm_Leg067 | Spline_pos_AbdomenWorm34 | Spline_AbdomenWorm34 | Ctrl_L_AbdomenWorm_Leg068 | Ctrl_L_AbdomenWorm_Leg069 | Ctrl_L_AbdomenWorm_Leg070 | Ctrl_R_AbdomenWorm_Leg068 | Ctrl_R_AbdomenWorm_Leg069 | Ctrl_R_AbdomenWorm_Leg070 | Spline_pos_AbdomenWorm35 | Spline_AbdomenWorm35 | Ctrl_L_AbdomenWorm_Leg071 | Ctrl_L_AbdomenWorm_Leg072 | Ctrl_R_AbdomenWorm_Leg071 | Ctrl_R_AbdomenWorm_Leg072 | Spline_pos_AbdomenWorm36 | Spline_AbdomenWorm36 | Ctrl_L_AbdomenWorm_Leg073 | Ctrl_L_AbdomenWorm_Leg074 | Ctrl_R_AbdomenWorm_Leg073 | Ctrl_R_AbdomenWorm_Leg074 | Spline_pos_AbdomenWorm37 | Spline_AbdomenWorm37 | Spline_AbdomenWorm37_sub | Ctrl_AbdomenWorm_Handle1 | Ctrl_AbdomenWorm_Handle2 | Ctrl_AbdomenWorm_Handle3 | Ctrl_AbdomenWorm_Handle4 | Ctrl_AbdomenWorm_Handle5 | Ctrl_AbdomenWorm_Handle6 | Ctrl_AbdomenWorm_Handle7 | Ctrl_AbdomenWorm_Handle8 | Ctrl_AbdomenWorm_Handle9 | Ctrl_AbdomenWormHead | Ctrl_L_AbdomenWormFeeler01 | Ctrl_L_AbdomenWormFeeler02 | Ctrl_L_AbdomenWormFeeler03 | Ctrl_L_AbdomenWormFeeler04 | Ctrl_L_AbdomenWormFeeler05 | Ctrl_L_AbdomenWormFeeler06 | Ctrl_R_AbdomenWormFeeler01 | Ctrl_R_AbdomenWormFeeler02 | Ctrl_R_AbdomenWormFeeler03 | Ctrl_R_AbdomenWormFeeler04 | Ctrl_R_AbdomenWormFeeler05 | Ctrl_R_AbdomenWormFeeler06 | Ctrl_R_AbdomenWormChin | Ctrl_L_AbdomenWormChin | Ctrl_L_AbdomenWorm_Leg075 | Ctrl_R_AbdomenWorm_Leg075 | Spline_AbdomenWorm36-37_pos | Spline_AbdomenWorm36-37_rotA | Spline_AbdomenWorm36-37_rotB | Spline_AbdomenWorm35-36_pos | Spline_AbdomenWorm35-36 | Spline_AbdomenWorm36-37 | mukade_templet | c1200_Mukade#00# | c1200_Mukade_Scroll | N:\NTC\data\Material\mtd\character\c1219_Mukade_Decal.mtd | N:\NTC\data\Material\mtd\character\c1219_Mukade_Scroll_Decal.mtd | N:\NTC\data\Material\mtd\character\c1200_Mukade_Body_Decal.mtd"
"c1210","Infested Seeker","Parasite — strong evidence","Senpou Temple","C:\Program Files (x86)\Steam\steamapps\common\Sekiro\chr\c1210.chrbnd.dcx","N:\NTC\data\Target\INTERROOT_win64\chr\c1210\c1210.flver","3, 4, 10, 11, 21, 22, 23, 24","","Infested Seeker | GroundWorm4 | GroundWorm1 | GroundWorm3 | GroundWorm2 | Ctrl_GroundWorm_Handle1 | Ctrl_GroundWorm_Handle2 | Ctrl_GroundWorm_Handle3 | Ctrl_GroundWorm_Handle5 | Ctrl_GroundWorm_Handle4 | Ctrl_GroundWorm2 | Ctrl_GroundWorm3 | Ctrl_GroundWorm4 | Ctrl_GroundWorm1 | #22#mukade01_cloth | #22#mukade02_cloth | N:\NTC\data\Material\mtd\character\c1219_Mukade_Decal.mtd | N:\NTC\data\Material\mtd\character\c1219_Mukade_Scroll_Decal.mtd | N:\NTC\data\Material\mtd\character\c1219_Mukade_Cloth_Decal.mtd | N:\NTC\data\Material\mtd\character\c1219_Mukade_Decal_Scroll_cloth.mtd"
"c1211","Cricket","Insect — cricket","Abandoned Dungeon; Senpou Temple","C:\Program Files (x86)\Steam\steamapps\common\Sekiro\chr\c1211.chrbnd.dcx","N:\NTC\data\Target\INTERROOT_win64\chr\c1211\c1211.flver","","","Cricket | c1200_cricket"
"c5000","Corrupted Monk","Parasite — strong evidence","Mibu Village; Fountainhead Palace","C:\Program Files (x86)\Steam\steamapps\common\Sekiro\chr\c5000.chrbnd.dcx","N:\NTC\data\Target\INTERROOT_win64\chr\c5000\c5000.flver","","","Worm1 | Worm2 | Worm3 | Worm4 | Worm5 | Worm6 | Worm7 | Worm8 | Worm9 | Worm10 | Worm11 | Worm12 | Worm13 | Worm14 | Worm15 | WormHead | R_WormLeg15 | L_WormLeg15 | R_WormLeg14 | L_WormLeg14 | R_WormLeg13 | L_WormLeg13 | R_WormLeg12 | L_WormLeg12 | R_WormLeg11 | L_WormLeg11 | R_WormLeg10 | L_WormLeg10 | L_WormLeg09 | R_WormLeg09 | R_WormLeg08 | L_WormLeg08 | R_WormLeg07 | L_WormLeg07 | R_WormLeg06 | L_WormLeg06 | R_WormLeg05 | L_WormLeg05 | R_WormLeg04 | L_WormLeg04 | R_WormLeg03 | L_WormLeg03 | R_WormLeg02 | L_WormLeg02 | R_WormLeg01 | L_WormLeg01 | c5001_insect_Antennaew | System_roll_Worm1 | System_roll_Worm2 | System_roll_Worm3 | System_roll_Worm4 | System_roll_Worm5 | System_roll_Worm6 | System_roll_Worm7 | System_roll_Worm8 | System_roll_Worm9 | System_roll_Worm10 | System_roll_Worm11 | System_roll_Worm12 | System_roll_Worm13 | System_roll_Worm14 | System_roll_Worm15 | System_roll_Worm16 | Ctrl_WormHead | Ctrl_WormHead_Dummy | Spline_pos_Worm1 | Spline_Worm1 | Ctrl_L_WormLeg01 | Ctrl_R_WormLeg01 | Spline_pos_Worm2 | Spline_Worm2 | Ctrl_L_WormLeg02 | Ctrl_R_WormLeg02 | Spline_pos_Worm3 | Spline_Worm3 | Ctrl_L_WormLeg03 | Ctrl_R_WormLeg03 | Spline_pos_Worm4 | Spline_Worm4 | Ctrl_L_WormLeg04 | Ctrl_R_WormLeg04 | Spline_pos_Worm5 | Spline_Worm5 | Ctrl_L_WormLeg05 | Ctrl_R_WormLeg05 | Spline_pos_Worm6 | Spline_Worm6 | Ctrl_L_WormLeg06 | Ctrl_R_WormLeg06 | Spline_pos_Worm7 | Spline_Worm7 | Ctrl_L_WormLeg07 | Ctrl_R_WormLeg07 | Spline_pos_Worm8 | Spline_Worm8 | Ctrl_L_WormLeg08 | Ctrl_R_WormLeg08 | Spline_pos_Worm9 | Spline_Worm9 | Ctrl_L_WormLeg09 | Ctrl_R_WormLeg09 | Spline_pos_Worm10 | Spline_Worm10 | Ctrl_L_WormLeg10 | Ctrl_R_WormLeg10 | Spline_pos_Worm11 | Spline_Worm11 | Ctrl_L_WormLeg11 | Ctrl_R_WormLeg11 | Spline_pos_Worm12 | Spline_Worm12 | Ctrl_L_WormLeg12 | Ctrl_R_WormLeg12 | Spline_pos_Worm13 | Spline_Worm13 | Ctrl_L_WormLeg13 | Ctrl_R_WormLeg13 | Spline_pos_Worm14 | Spline_Worm14 | Ctrl_L_WormLeg14 | Ctrl_R_WormLeg14 | Spline_pos_Worm15 | Spline_Worm15 | Ctrl_L_WormLeg15 | Ctrl_R_WormLeg15 | Spline_pos_Worm16 | Spline_Worm16 | Ctrl_Worm_Handle1 | Ctrl_Worm_Handle4 | Ctrl_Worm_Handle2 | Ctrl_Worm_Handle3"
"c5001","Immortal Centipede","Parasite — strong evidence","Sunken Valley; Fountainhead Palace","C:\Program Files (x86)\Steam\steamapps\common\Sekiro\chr\c5001.chrbnd.dcx","N:\NTC\data\Target\INTERROOT_win64\chr\c5001\c5001.flver","1","","Immortal Centipede | Worm1 | R_WormLeg01 | L_WormLeg01 | Worm2 | R_WormLeg02 | L_WormLeg02 | Worm3 | R_WormLeg03 | L_WormLeg03 | Worm4 | R_WormLeg04 | L_WormLeg04 | Worm5 | R_WormLeg05 | L_WormLeg05 | Worm6 | R_WormLeg06 | L_WormLeg06 | Worm7 | R_WormLeg07 | L_WormLeg07 | Worm8 | R_WormLeg08 | L_WormLeg08 | Worm9 | L_WormLeg09 | R_WormLeg09 | Worm10 | Worm11 | Worm12 | Worm13 | Worm14 | Worm15 | WormHead | R_WormLeg15 | L_WormLeg15 | R_WormLeg14 | L_WormLeg14 | R_WormLeg13 | L_WormLeg13 | R_WormLeg12 | L_WormLeg12 | R_WormLeg11 | L_WormLeg11 | R_WormLeg10 | L_WormLeg10 | Worm_Spine00 | Worm_Spine01 | Worm_Spine02 | Worm_Spine03 | Worm_Spine04 | Worm_Spine05 | Worm_Spine06 | Worm_Spine07 | Worm_Spine08 | Worm_Spine09 | Worm_Spine10 | Worm_Spine11 | Worm_Spine12 | Worm_Spine13 | c5001_insect_Antennaew | System_roll_Worm1 | System_roll_Worm2 | System_roll_Worm3 | System_roll_Worm4 | System_roll_Worm5 | System_roll_Worm6 | System_roll_Worm7 | System_roll_Worm8 | System_roll_Worm9 | System_roll_Worm10 | System_roll_Worm11 | System_roll_Worm12 | System_roll_Worm13 | System_roll_Worm14 | System_roll_Worm15 | System_roll_Worm16 | Ctrl_WormHead | Ctrl_WormHead_Dummy | Spline_pos_Worm1 | Spline_Worm1 | Ctrl_L_WormLeg01 | Ctrl_R_WormLeg01 | Spline_pos_Worm2 | Spline_Worm2 | Ctrl_L_WormLeg02 | Ctrl_R_WormLeg02 | Spline_pos_Worm3 | Spline_Worm3 | Ctrl_L_WormLeg03 | Ctrl_R_WormLeg03 | Spline_pos_Worm4 | Spline_Worm4 | Ctrl_L_WormLeg04 | Ctrl_R_WormLeg04 | Spline_pos_Worm5 | Spline_Worm5 | Ctrl_L_WormLeg05 | Ctrl_R_WormLeg05 | Spline_pos_Worm6 | Spline_Worm6 | Ctrl_L_WormLeg06 | Ctrl_R_WormLeg06 | Spline_pos_Worm7 | Spline_Worm7 | Ctrl_L_WormLeg07 | Ctrl_R_WormLeg07 | Spline_pos_Worm8 | Spline_Worm8 | Ctrl_L_WormLeg08 | Ctrl_R_WormLeg08 | Spline_pos_Worm9 | Spline_Worm9 | Ctrl_L_WormLeg09 | Ctrl_R_WormLeg09 | Spline_pos_Worm10 | Spline_Worm10 | Ctrl_L_WormLeg10 | Ctrl_R_WormLeg10 | Spline_pos_Worm11 | Spline_Worm11 | Ctrl_L_WormLeg11 | Ctrl_R_WormLeg11 | Spline_pos_Worm12 | Spline_Worm12 | Ctrl_L_WormLeg12 | Ctrl_R_WormLeg12 | Spline_pos_Worm13 | Spline_Worm13 | Ctrl_L_WormLeg13 | Ctrl_R_WormLeg13 | Spline_pos_Worm14 | Spline_Worm14 | Ctrl_L_WormLeg14 | Ctrl_R_WormLeg14 | Spline_pos_Worm15 | Spline_Worm15 | Ctrl_L_WormLeg15 | Ctrl_R_WormLeg15 | Spline_pos_Worm16 | Spline_Worm16 | Ctrl_Worm_Handle1 | Ctrl_Worm_Handle4 | Ctrl_Worm_Handle2 | Ctrl_Worm_Handle3 | CATRig_Worm_Handle1 | CATRig_Worm_Handle4 | CATRig_Worm_Handle3 | CATRig_Worm_Handle2 | CATRig_Worm1 | CATRig_Worm2 | CATRig_Worm3 | CATRig_Worm4 | CATRig_Worm5 | CATRig_Worm6 | CATRig_Worm7 | CATRig_Worm8 | CATRig_Worm9 | CATRig_Worm10 | CATRig_Worm11 | CATRig_Worm12 | CATRig_Worm13 | CATRig_Worm14 | CATRig_Worm15 | CATRig_R_WormLeg15 | CATRig_L_WormLeg15 | CATRig_L_WormLeg14 | CATRig_R_WormLeg14 | CATRig_L_WormLeg13 | CATRig_R_WormLeg13 | CATRig_L_WormLeg12 | CATRig_R_WormLeg12 | CATRig_L_WormLeg11 | CATRig_R_WormLeg11 | CATRig_L_WormLeg10 | CATRig_R_WormLeg10 | CATRig_L_WormLeg09 | CATRig_R_WormLeg09 | CATRig_L_WormLeg08 | CATRig_R_WormLeg08 | CATRig_L_WormLeg07 | CATRig_R_WormLeg07 | CATRig_L_WormLeg06 | CATRig_R_WormLeg06 | CATRig_L_WormLeg05 | CATRig_R_WormLeg05 | CATRig_L_WormLeg04 | CATRig_R_WormLeg04 | CATRig_L_WormLeg03 | CATRig_R_WormLeg03 | CATRig_L_WormLeg02 | CATRig_R_WormLeg02 | CATRig_L_WormLeg01 | CATRig_R_WormLeg01 | CATRig_Worm_Spine1 | CATRig_Worm_Spine2 | CATRig_Worm_Spine3 | CATRig_Worm_Spine4 | CATRig_Worm_Spine5 | CATRig_Worm_Spine6 | CATRig_Worm_Spine7 | CATRig_Worm_Spine8 | CATRig_Worm_Spine9 | CATRig_Worm_Spine10 | CATRig_Worm_Spine11 | CATRig_Worm_Spine12 | CATRig_Worm_Spine13 | CATRig_Worm_Spine14 | CATRig_Worm_Spine | CATRig_WormHead | N:\NTC\data\Material\mtd\character\c5001_Insectebody_SSS.mtd"
"c5005","Corrupted Monk Illusion","Inherited bones; parasite surface unconfirmed","Fountainhead Palace","C:\Program Files (x86)\Steam\steamapps\common\Sekiro\chr\c5005.chrbnd.dcx","N:\NTC\data\Target\INTERROOT_win64\chr\c5005\c5005.flver","","","Worm1 | Worm2 | Worm3 | Worm4 | Worm5 | Worm6 | Worm7 | Worm8 | Worm9 | Worm10 | Worm11 | Worm12 | Worm13 | Worm14 | Worm15 | WormHead | R_WormLeg15 | L_WormLeg15 | R_WormLeg14 | L_WormLeg14 | R_WormLeg13 | L_WormLeg13 | R_WormLeg12 | L_WormLeg12 | R_WormLeg11 | L_WormLeg11 | R_WormLeg10 | L_WormLeg10 | L_WormLeg09 | R_WormLeg09 | R_WormLeg08 | L_WormLeg08 | R_WormLeg07 | L_WormLeg07 | R_WormLeg06 | L_WormLeg06 | R_WormLeg05 | L_WormLeg05 | R_WormLeg04 | L_WormLeg04 | R_WormLeg03 | L_WormLeg03 | R_WormLeg02 | L_WormLeg02 | R_WormLeg01 | L_WormLeg01 | System_roll_Worm1 | System_roll_Worm2 | System_roll_Worm3 | System_roll_Worm4 | System_roll_Worm5 | System_roll_Worm6 | System_roll_Worm7 | System_roll_Worm8 | System_roll_Worm9 | System_roll_Worm10 | System_roll_Worm11 | System_roll_Worm12 | System_roll_Worm13 | System_roll_Worm14 | System_roll_Worm15 | System_roll_Worm16 | Ctrl_WormHead | Ctrl_WormHead_Dummy | Spline_pos_Worm1 | Spline_Worm1 | Ctrl_L_WormLeg01 | Ctrl_R_WormLeg01 | Spline_pos_Worm2 | Spline_Worm2 | Ctrl_L_WormLeg02 | Ctrl_R_WormLeg02 | Spline_pos_Worm3 | Spline_Worm3 | Ctrl_L_WormLeg03 | Ctrl_R_WormLeg03 | Spline_pos_Worm4 | Spline_Worm4 | Ctrl_L_WormLeg04 | Ctrl_R_WormLeg04 | Spline_pos_Worm5 | Spline_Worm5 | Ctrl_L_WormLeg05 | Ctrl_R_WormLeg05 | Spline_pos_Worm6 | Spline_Worm6 | Ctrl_L_WormLeg06 | Ctrl_R_WormLeg06 | Spline_pos_Worm7 | Spline_Worm7 | Ctrl_L_WormLeg07 | Ctrl_R_WormLeg07 | Spline_pos_Worm8 | Spline_Worm8 | Ctrl_L_WormLeg08 | Ctrl_R_WormLeg08 | Spline_pos_Worm9 | Spline_Worm9 | Ctrl_L_WormLeg09 | Ctrl_R_WormLeg09 | Spline_pos_Worm10 | Spline_Worm10 | Ctrl_L_WormLeg10 | Ctrl_R_WormLeg10 | Spline_pos_Worm11 | Spline_Worm11 | Ctrl_L_WormLeg11 | Ctrl_R_WormLeg11 | Spline_pos_Worm12 | Spline_Worm12 | Ctrl_L_WormLeg12 | Ctrl_R_WormLeg12 | Spline_pos_Worm13 | Spline_Worm13 | Ctrl_L_WormLeg13 | Ctrl_R_WormLeg13 | Spline_pos_Worm14 | Spline_Worm14 | Ctrl_L_WormLeg14 | Ctrl_R_WormLeg14 | Spline_pos_Worm15 | Spline_Worm15 | Ctrl_L_WormLeg15 | Ctrl_R_WormLeg15 | Spline_pos_Worm16 | Spline_Worm16 | Ctrl_Worm_Handle1 | Ctrl_Worm_Handle4 | Ctrl_Worm_Handle2 | Ctrl_Worm_Handle3"
"c5090","Lady Butterfly","Lady Butterfly name; preserve character","Hirata Estate","C:\Program Files (x86)\Steam\steamapps\common\Sekiro\chr\c5090.chrbnd.dcx","N:\NTC\data\Target\INTERROOT_win64\chr\c5090\c5090.flver","","s10_00_0010.cutscenebnd.dcx","Lady Butterfly"
"c5100","Guardian Ape","Parasite — strong evidence","Sunken Valley","C:\Program Files (x86)\Steam\steamapps\common\Sekiro\chr\c5100.chrbnd.dcx","N:\NTC\data\Target\INTERROOT_win64\chr\c5100\c5100.flver","33","","WormRoot | Worm_Spine13 | Worm_Spine12 | Worm_Spine11 | Worm_Spine10 | Worm_Spine09 | Worm_Spine08 | Worm_Spine07 | Worm_Spine06 | Worm_Spine05 | Worm_Spine04 | Worm_Spine03 | Worm_Spine02 | Worm_Spine01 | Worm_Spine00 | Worm1 | Worm2 | Worm3 | Worm4 | Worm5 | Worm6 | Worm7 | Worm8 | Worm9 | Worm10 | Worm11 | Worm12 | Worm13 | Worm14 | Worm15 | L_WormLeg15 | R_WormLeg15 | R_WormLeg15_2 | L_WormLeg15_2 | WormHead | R_WormLeg16 | L_WormLeg16 | L_WormLeg14 | R_WormLeg14 | R_WormLeg14_2 | L_WormLeg14_2 | L_WormLeg13 | R_WormLeg13 | L_WormLeg12 | R_WormLeg12 | R_WormLeg12_2 | L_WormLeg12_2 | L_WormLeg11 | R_WormLeg11 | L_WormLeg10 | R_WormLeg10 | L_WormLeg09 | R_WormLeg09 | L_WormLeg08 | R_WormLeg08 | L_WormLeg07 | R_WormLeg07 | L_WormLeg06 | R_WormLeg06 | L_WormLeg05 | R_WormLeg05 | L_WormLeg04 | R_WormLeg04 | L_WormLeg03 | R_WormLeg03 | L_WormLeg02 | R_WormLeg02 | L_WormLeg01 | R_WormLeg01 | c5100_insect_leg4 | c5100_insect_leg1 | c5100_insect_Antennaew | c5100_insect_head | c5100_insect_body1 | c5100_insect_leg2 | c5100_insect_leg3 | c5100_insect_body2 | Ctrl_Worm_Root | Ctrl_Worm_Pos_01 | Ctrl_Worm_Pos_02 | Ctrl_Worm_Pos_03 | Ctrl_Worm_Pos_04 | Ctrl_Worm_Pos_05 | Ctrl_Worm_Pos_06 | Ctrl_Worm_Pos_07 | Ctrl_Worm_Pos_08 | Ctrl_Worm_Pos_09 | Ctrl_Worm_Pos_10 | Ctrl_Worm_Pos_11 | Ctrl_Worm_Pos_12 | Ctrl_Worm_Pos_13 | Ctrl_Worm_Pos_14 | Ctrl_Worm_Pos_15 | Ctrl_Worm_Pos_16 | Ctrl_Worm_Pos_17 | Ctrl_Worm_Pos_18 | Ctrl_Worm_Pos_19 | Ctrl_Worm_Pos_20 | Ctrl_Worm_Pos_21 | Ctrl_Worm_Pos_22 | Ctrl_Worm_Pos_23 | Ctrl_Worm_Pos_24 | Ctrl_Worm_Pos_25 | Ctrl_Worm_Pos_26 | Ctrl_Worm_Pos_27 | Ctrl_Worm_Pos_28 | Ctrl_Worm_Pos_29 | Ctrl_Worm_Pos_30 | Ctrl_Worm_Rot_01 | Ctrl_Worm_Rot_02 | Ctrl_Worm_Rot_03 | Ctrl_Worm_Rot_04 | Ctrl_Worm_Rot_05 | Ctrl_Worm_Rot_06 | Ctrl_Worm_Rot_07 | Ctrl_Worm_Rot_08 | Ctrl_Worm_Rot_09 | Ctrl_Worm_Rot_10 | Ctrl_Worm_Rot_11 | Ctrl_Worm_Rot_12 | Ctrl_Worm_Rot_13 | Ctrl_Worm_Rot_14 | Ctrl_Worm_Rot_15 | Ctrl_Worm_Rot_16 | Ctrl_Worm_Rot_17 | Ctrl_Worm_Rot_18 | Ctrl_Worm_Rot_19 | Ctrl_Worm_Rot_20 | Ctrl_Worm_Rot_21 | Ctrl_Worm_Rot_22 | Ctrl_Worm_Rot_23 | Ctrl_Worm_Rot_24 | Ctrl_Worm_Rot_25 | Ctrl_Worm_Rot_26 | Ctrl_Worm_Rot_27 | Ctrl_Worm_Rot_28 | Ctrl_Worm_Rot_29 | Ctrl_Worm_Rot_30 | Ctrl_Worm_FlipPos_01 | Ctrl_Worm_FlipPos_02 | Ctrl_Worm_FlipPos_03 | Ctrl_Worm_FlipPos_04 | Ctrl_Worm_FlipPos_05 | Ctrl_Worm_FlipPos_06 | Ctrl_Worm_FlipPos_07 | Ctrl_Worm_FlipPos_08 | Ctrl_Worm_FlipPos_09 | Ctrl_Worm_FlipPos_10 | Ctrl_Worm_FlipPos_11 | Ctrl_Worm_FlipPos_12 | Ctrl_Worm_FlipPos_13 | Ctrl_Worm_FlipPos_14 | Ctrl_Worm_FlipPos_15 | Ctrl_Worm_FlipPos_16 | Ctrl_Worm_FlipPos_17 | Ctrl_Worm_FlipPos_18 | Ctrl_Worm_FlipPos_19 | Ctrl_Worm_FlipPos_20 | Ctrl_Worm_FlipPos_21 | Ctrl_Worm_FlipPos_22 | Ctrl_Worm_FlipPos_23 | Ctrl_Worm_FlipPos_24 | Ctrl_Worm_FlipPos_25 | Ctrl_Worm_FlipPos_26 | Ctrl_Worm_FlipPos_27 | Ctrl_Worm_FlipPos_28 | Ctrl_Worm_FlipPos_29 | Ctrl_Worm_FlipRot_01 | Ctrl_Worm_FlipRot_02 | Ctrl_Worm_FlipRot_03 | Ctrl_Worm_FlipRot_04 | Ctrl_Worm_FlipRot_05 | Ctrl_Worm_FlipRot_06 | Ctrl_Worm_FlipRot_07 | Ctrl_Worm_FlipRot_08 | Ctrl_Worm_FlipRot_09 | Ctrl_Worm_FlipRot_10 | Ctrl_Worm_FlipRot_11 | Ctrl_Worm_FlipRot_12 | Ctrl_Worm_FlipRot_13 | Ctrl_Worm_FlipRot_14 | Ctrl_Worm_FlipRot_15 | Ctrl_Worm_FlipRot_16 | Ctrl_Worm_FlipRot_17 | Ctrl_Worm_FlipRot_18 | Ctrl_Worm_FlipRot_19 | Ctrl_Worm_FlipRot_20 | Ctrl_Worm_FlipRot_21 | Ctrl_Worm_FlipRot_22 | Ctrl_Worm_FlipRot_23 | Ctrl_Worm_FlipRot_24 | Ctrl_Worm_FlipRot_25 | Ctrl_Worm_FlipRot_26 | Ctrl_Worm_FlipRot_27 | Ctrl_Worm_FlipRot_28 | Ctrl_Worm_Roll_01 | Ctrl_Worm_Roll_02 | Ctrl_Worm_Roll_03 | Ctrl_Worm_Roll_04 | Ctrl_Worm_Roll_05 | Ctrl_Worm_Roll_06 | Ctrl_Worm_Roll_07 | Ctrl_Worm_Roll_08 | Ctrl_Worm_Roll_09 | Ctrl_Worm_Roll_10 | Ctrl_Worm_Roll_11 | Ctrl_Worm_Roll_12 | Ctrl_Worm_Roll_13 | Ctrl_Worm_Roll_14 | Ctrl_Worm_Roll_15 | Ctrl_L_WormLeg01 | Ctrl_R_WormLeg01 | Ctrl_Worm_Roll_16 | Ctrl_L_WormLeg02 | Ctrl_R_WormLeg02 | Ctrl_Worm_Roll_17 | Ctrl_L_WormLeg03 | Ctrl_R_WormLeg03 | Ctrl_Worm_Roll_18 | Ctrl_L_WormLeg04 | Ctrl_R_WormLeg04 | Ctrl_Worm_Roll_19 | Ctrl_L_WormLeg05 | Ctrl_R_WormLeg05 | Ctrl_Worm_Roll_20 | Ctrl_L_WormLeg06 | Ctrl_R_WormLeg06 | Ctrl_Worm_Roll_21 | Ctrl_L_WormLeg07 | Ctrl_R_WormLeg07 | Ctrl_Worm_Roll_22 | Ctrl_L_WormLeg08 | Ctrl_R_WormLeg08 | Ctrl_Worm_Roll_23 | Ctrl_L_WormLeg09 | Ctrl_R_WormLeg09 | Ctrl_Worm_Roll_24 | Ctrl_L_WormLeg10 | Ctrl_R_WormLeg10 | Ctrl_Worm_Roll_25 | Ctrl_R_WormLeg11 | Ctrl_L_WormLeg11 | Ctrl_Worm_Roll_26 | Ctrl_R_WormLeg12 | Ctrl_L_WormLeg12 | Ctrl_R_WormLeg12_2 | Ctrl_L_WormLeg12_2 | Ctrl_Worm_Roll_27 | Ctrl_L_WormLeg13 | Ctrl_R_WormLeg13 | Ctrl_Worm_Roll_28 | Ctrl_L_WormLeg14 | Ctrl_R_WormLeg14 | Ctrl_R_WormLeg14_2 | Ctrl_L_WormLeg14_2 | Ctrl_Worm_Roll_29 | Ctrl_L_WormLeg15 | Ctrl_R_WormLeg15 | Ctrl_R_WormLeg15_2 | Ctrl_L_WormLeg15_2 | Ctrl_Worm_RollVec_03_Target | Ctrl_WormHead_Root | Ctrl_WormHead | Ctrl_R_WormLeg16 | Ctrl_L_WormLeg16 | Ctrl_Worm_Handle7 | Ctrl_Worm_Handle6 | Ctrl_Worm_Handle5 | Ctrl_Worm_Handle4 | Ctrl_Worm_Handle3 | Ctrl_Worm_Handle2 | Ctrl_Worm_Handle1 | N:\NTC\data\Material\mtd\character\c5100_Insectebody_SSS.mtd"
"o007800","Plant","Likely false positive: erosion/vegetation/object","","C:\Program Files (x86)\Steam\steamapps\common\Sekiro\obj\o007800.objbnd.dcx","N:\NTC\data\Target\INTERROOT_win64\obj\o00\o007800\o007800.flver","0","","N:\NTC\data\Model\obj\o00\o007800\tex\o007800_karamushi_a.tif | N:\NTC\data\Model\obj\o00\o007800\tex\o007800_karamushi_n.tif"
"o108100","Hirata Estate hidden temple giant idol","Webs — no confirmed spider","Hirata Estate","C:\Program Files (x86)\Steam\steamapps\common\Sekiro\obj\o108100.objbnd.dcx","N:\NTC\data\Target\INTERROOT_win64\obj\o10\o108100\o108100.flver","0, 1","s10_00_0000.cutscenebnd.dcx","蜘蛛の巣B_099 | 蜘蛛の巣B_098 | 蜘蛛の巣B_097 | 蜘蛛の巣B_096 | 蜘蛛の巣B_095 | 蜘蛛の巣B_094 | 蜘蛛の巣B_092 | 蜘蛛の巣B_091 | 蜘蛛の巣B_090 | 蜘蛛の巣B_088 | 蜘蛛の巣B_087 | 蜘蛛の巣B_086 | 蜘蛛の巣B_085 | 蜘蛛の巣B_084 | 蜘蛛の巣B_083 | 蜘蛛の巣B_082 | 蜘蛛の巣B_081 | 蜘蛛の巣B_080 | 蜘蛛の巣B_079 | 蜘蛛の巣B_078 | 蜘蛛の巣B_077 | 蜘蛛の巣B_070 | 蜘蛛の巣B_069 | 蜘蛛の巣B_068 | 蜘蛛の巣B_067 | 蜘蛛の巣B_062 | 蜘蛛の巣B_061 | 蜘蛛の巣B_060 | 蜘蛛の巣B_059 | 蜘蛛の巣B_058 | 蜘蛛の巣B_057 | 蜘蛛の巣B_055 | 蜘蛛の巣B_12 | 蜘蛛の巣B_053 | 蜘蛛の巣B_052 | 蜘蛛の巣B_051 | 蜘蛛の巣B_050 | 蜘蛛の巣B_049 | 蜘蛛の巣B_048 | 蜘蛛の巣B_047 | 蜘蛛の巣B_046 | 蜘蛛の巣B_045 | 蜘蛛の巣B_044 | 蜘蛛の巣B_043 | 蜘蛛の巣B_042 | 蜘蛛の巣B_041 | 蜘蛛の巣B_039 | 蜘蛛の巣B_038 | 蜘蛛の巣 | N:\NTC\data\Model\map\m10\tex\m10_spiderweb_02_a.tif | N:\NTC\data\Model\map\m10\tex\m10_spiderweb_00_n.tif | N:\NTC\data\Model\map\m10\tex\m10_spiderweb_03_a.tif"
"o108100","Hirata Estate hidden temple giant idol","Webs — no confirmed spider","Hirata Estate","C:\Program Files (x86)\Steam\steamapps\common\Sekiro\obj\o108100.objbnd.dcx","N:\NTC\data\Target\INTERROOT_win64\obj\o10\o108100\o108100_S.flver","","s10_00_0000.cutscenebnd.dcx","蜘蛛の巣B_099 | 蜘蛛の巣B_098 | 蜘蛛の巣B_097 | 蜘蛛の巣B_096 | 蜘蛛の巣B_095 | 蜘蛛の巣B_094 | 蜘蛛の巣B_092 | 蜘蛛の巣B_091 | 蜘蛛の巣B_090 | 蜘蛛の巣B_088 | 蜘蛛の巣B_087 | 蜘蛛の巣B_086 | 蜘蛛の巣B_085 | 蜘蛛の巣B_084 | 蜘蛛の巣B_083 | 蜘蛛の巣B_082 | 蜘蛛の巣B_081 | 蜘蛛の巣B_080 | 蜘蛛の巣B_079 | 蜘蛛の巣B_078 | 蜘蛛の巣B_077 | 蜘蛛の巣B_070 | 蜘蛛の巣B_069 | 蜘蛛の巣B_068 | 蜘蛛の巣B_067 | 蜘蛛の巣B_062 | 蜘蛛の巣B_061 | 蜘蛛の巣B_060 | 蜘蛛の巣B_059 | 蜘蛛の巣B_058 | 蜘蛛の巣B_057 | 蜘蛛の巣B_055 | 蜘蛛の巣B_12 | 蜘蛛の巣B_053 | 蜘蛛の巣B_052 | 蜘蛛の巣B_051 | 蜘蛛の巣B_050 | 蜘蛛の巣B_049 | 蜘蛛の巣B_048 | 蜘蛛の巣B_047 | 蜘蛛の巣B_046 | 蜘蛛の巣B_045 | 蜘蛛の巣B_044 | 蜘蛛の巣B_043 | 蜘蛛の巣B_042 | 蜘蛛の巣B_041 | 蜘蛛の巣B_039 | 蜘蛛の巣B_038"
"o109910","Bridge wooden supports?","Webs — no confirmed spider","Hirata Estate","C:\Program Files (x86)\Steam\steamapps\common\Sekiro\obj\o109910.objbnd.dcx","N:\NTC\data\Target\INTERROOT_win64\obj\o10\o109910\o109910.flver","3, 4, 5","","蜘蛛の巣B_091 | 蜘蛛の巣B_092 | 蜘蛛の巣B_094 | 蜘蛛の巣B_084 | 蜘蛛の巣B_085 | 蜘蛛の巣B_034 | 蜘蛛の巣B_135 | 蜘蛛の巣B_134 | 蜘蛛の巣B_133 | 蜘蛛の巣B_132 | 蜘蛛の巣B_131 | 蜘蛛の巣B_099 | 蜘蛛の巣B_098 | 蜘蛛の巣B_097 | 蜘蛛の巣B_096 | 蜘蛛の巣B_095 | 蜘蛛の巣B_12 | 蜘蛛の巣B_069 | 蜘蛛の巣B_053 | 蜘蛛の巣B_070 | 蜘蛛の巣B_081 | 蜘蛛の巣B_080 | 蜘蛛の巣B_044 | 蜘蛛の巣B_045 | 蜘蛛の巣B_043 | 蜘蛛の巣B_052 | 蜘蛛の巣B_089 | 蜘蛛の巣B_090 | 蜘蛛の巣B_125 | 蜘蛛の巣B_124 | 蜘蛛の巣B_123 | 蜘蛛の巣B_122 | 蜘蛛の巣B_116 | 蜘蛛の巣B_115 | 蜘蛛の巣B_114 | 蜘蛛の巣B_113 | 蜘蛛の巣B_112 | 蜘蛛の巣B_111 | 蜘蛛の巣B_105 | 蜘蛛の巣B_104 | 蜘蛛の巣B_102 | 蜘蛛の巣B_100 | 蜘蛛の巣B_093 | 蜘蛛の巣B_130 | 蜘蛛の巣B_129 | 蜘蛛の巣セット(天井)G_005 | 蜘蛛の巣セット(天井)G_004 | 蜘蛛の巣セット(柱)B_006 | 蜘蛛の巣B_121 | 蜘蛛の巣B_120 | 蜘蛛の巣B_119 | 蜘蛛の巣B_118 | 蜘蛛の巣B_117 | 蜘蛛の巣セット(天井)G_008 | 蜘蛛の巣セット(天井)G_007 | 蜘蛛の巣セット(天井)G_006 | 蜘蛛の巣B_137 | 蜘蛛の巣B_136 | 蜘蛛の巣B_082 | 蜘蛛の巣B_083 | 蜘蛛の巣B_138 | 蜘蛛の巣B_139 | 蜘蛛の巣B_140 | 蜘蛛の巣B_141 | 蜘蛛の巣B_142 | 蜘蛛の巣セット(天井)G_009 | 蜘蛛の巣B_143 | 蜘蛛の巣B_144 | 蜘蛛の巣 | N:\NTC\data\Model\map\m10\tex\m10_spiderweb_01_a.tif | N:\NTC\data\Model\map\m10\tex\m10_spiderweb_00_n.tif | N:\NTC\data\Model\map\m10\tex\m10_spiderweb_02_a.tif | N:\NTC\data\Model\map\m10\tex\m10_spiderweb_03_a.tif"
"o109910","Bridge wooden supports?","Webs — no confirmed spider","Hirata Estate","C:\Program Files (x86)\Steam\steamapps\common\Sekiro\obj\o109910.objbnd.dcx","N:\NTC\data\Target\INTERROOT_win64\obj\o10\o109910\o109910_S.flver","","","蜘蛛の巣B_091 | 蜘蛛の巣B_092 | 蜘蛛の巣B_094 | 蜘蛛の巣B_084 | 蜘蛛の巣B_085 | 蜘蛛の巣B_034 | 蜘蛛の巣B_135 | 蜘蛛の巣B_134 | 蜘蛛の巣B_133 | 蜘蛛の巣B_132 | 蜘蛛の巣B_131 | 蜘蛛の巣B_099 | 蜘蛛の巣B_098 | 蜘蛛の巣B_097 | 蜘蛛の巣B_096 | 蜘蛛の巣B_095 | 蜘蛛の巣B_12 | 蜘蛛の巣B_069 | 蜘蛛の巣B_053 | 蜘蛛の巣B_070 | 蜘蛛の巣B_081 | 蜘蛛の巣B_080 | 蜘蛛の巣B_044 | 蜘蛛の巣B_045 | 蜘蛛の巣B_043 | 蜘蛛の巣B_052 | 蜘蛛の巣B_089 | 蜘蛛の巣B_090 | 蜘蛛の巣B_125 | 蜘蛛の巣B_124 | 蜘蛛の巣B_123 | 蜘蛛の巣B_122 | 蜘蛛の巣B_116 | 蜘蛛の巣B_115 | 蜘蛛の巣B_114 | 蜘蛛の巣B_113 | 蜘蛛の巣B_112 | 蜘蛛の巣B_111 | 蜘蛛の巣B_105 | 蜘蛛の巣B_104 | 蜘蛛の巣B_102 | 蜘蛛の巣B_100 | 蜘蛛の巣B_093 | 蜘蛛の巣B_130 | 蜘蛛の巣B_129 | 蜘蛛の巣セット(天井)G_005 | 蜘蛛の巣セット(天井)G_004 | 蜘蛛の巣セット(柱)B_006 | 蜘蛛の巣B_121 | 蜘蛛の巣B_120 | 蜘蛛の巣B_119 | 蜘蛛の巣B_118 | 蜘蛛の巣B_117 | 蜘蛛の巣セット(天井)G_008 | 蜘蛛の巣セット(天井)G_007 | 蜘蛛の巣セット(天井)G_006 | 蜘蛛の巣B_137 | 蜘蛛の巣B_136 | 蜘蛛の巣B_082 | 蜘蛛の巣B_083 | 蜘蛛の巣B_138 | 蜘蛛の巣B_139 | 蜘蛛の巣B_140 | 蜘蛛の巣B_141 | 蜘蛛の巣B_142 | 蜘蛛の巣セット(天井)G_009 | 蜘蛛の巣B_143 | 蜘蛛の巣B_144"
"o109920","Bridge wooden supports?","Webs — no confirmed spider","Hirata Estate","C:\Program Files (x86)\Steam\steamapps\common\Sekiro\obj\o109920.objbnd.dcx","N:\NTC\data\Target\INTERROOT_win64\obj\o10\o109920\o109920.flver","4, 5, 6","","蜘蛛の巣B_091 | 蜘蛛の巣B_092 | 蜘蛛の巣B_094 | 蜘蛛の巣B_084 | 蜘蛛の巣B_085 | 蜘蛛の巣B_034 | 蜘蛛の巣B_131 | 蜘蛛の巣B_099 | 蜘蛛の巣B_098 | 蜘蛛の巣B_097 | 蜘蛛の巣B_096 | 蜘蛛の巣B_095 | 蜘蛛の巣B_12 | 蜘蛛の巣B_069 | 蜘蛛の巣B_053 | 蜘蛛の巣B_070 | 蜘蛛の巣B_081 | 蜘蛛の巣B_080 | 蜘蛛の巣B_044 | 蜘蛛の巣B_045 | 蜘蛛の巣B_043 | 蜘蛛の巣B_052 | 蜘蛛の巣B_089 | 蜘蛛の巣B_090 | 蜘蛛の巣B_125 | 蜘蛛の巣B_124 | 蜘蛛の巣B_123 | 蜘蛛の巣B_122 | 蜘蛛の巣B_116 | 蜘蛛の巣B_115 | 蜘蛛の巣B_114 | 蜘蛛の巣B_113 | 蜘蛛の巣B_112 | 蜘蛛の巣B_111 | 蜘蛛の巣B_093 | 蜘蛛の巣B_130 | 蜘蛛の巣B_129 | 蜘蛛の巣B_121 | 蜘蛛の巣B_120 | 蜘蛛の巣B_119 | 蜘蛛の巣B_118 | 蜘蛛の巣B_117 | 蜘蛛の巣セット(天井)G_008 | 蜘蛛の巣セット(天井)G_007 | 蜘蛛の巣B_082 | 蜘蛛の巣B_083 | 蜘蛛の巣B_139 | 蜘蛛の巣B_140 | 蜘蛛の巣B_141 | 蜘蛛の巣B_142 | 蜘蛛の巣B_143 | 蜘蛛の巣B_144 | 蜘蛛の巣 | N:\NTC\data\Model\map\m10\tex\m10_spiderweb_01_a.tif | N:\NTC\data\Model\map\m10\tex\m10_spiderweb_00_n.tif | N:\NTC\data\Model\map\m10\tex\m10_spiderweb_02_a.tif | N:\NTC\data\Model\map\m10\tex\m10_spiderweb_03_a.tif"
"o109920","Bridge wooden supports?","Webs — no confirmed spider","Hirata Estate","C:\Program Files (x86)\Steam\steamapps\common\Sekiro\obj\o109920.objbnd.dcx","N:\NTC\data\Target\INTERROOT_win64\obj\o10\o109920\o109920_S.flver","","","蜘蛛の巣B_091 | 蜘蛛の巣B_092 | 蜘蛛の巣B_094 | 蜘蛛の巣B_084 | 蜘蛛の巣B_085 | 蜘蛛の巣B_034 | 蜘蛛の巣B_131 | 蜘蛛の巣B_099 | 蜘蛛の巣B_098 | 蜘蛛の巣B_097 | 蜘蛛の巣B_096 | 蜘蛛の巣B_095 | 蜘蛛の巣B_12 | 蜘蛛の巣B_069 | 蜘蛛の巣B_053 | 蜘蛛の巣B_070 | 蜘蛛の巣B_081 | 蜘蛛の巣B_080 | 蜘蛛の巣B_044 | 蜘蛛の巣B_045 | 蜘蛛の巣B_043 | 蜘蛛の巣B_052 | 蜘蛛の巣B_089 | 蜘蛛の巣B_090 | 蜘蛛の巣B_125 | 蜘蛛の巣B_124 | 蜘蛛の巣B_123 | 蜘蛛の巣B_122 | 蜘蛛の巣B_116 | 蜘蛛の巣B_115 | 蜘蛛の巣B_114 | 蜘蛛の巣B_113 | 蜘蛛の巣B_112 | 蜘蛛の巣B_111 | 蜘蛛の巣B_093 | 蜘蛛の巣B_130 | 蜘蛛の巣B_129 | 蜘蛛の巣B_121 | 蜘蛛の巣B_120 | 蜘蛛の巣B_119 | 蜘蛛の巣B_118 | 蜘蛛の巣B_117 | 蜘蛛の巣セット(天井)G_008 | 蜘蛛の巣セット(天井)G_007 | 蜘蛛の巣B_082 | 蜘蛛の巣B_083 | 蜘蛛の巣B_139 | 蜘蛛の巣B_140 | 蜘蛛の巣B_141 | 蜘蛛の巣B_142 | 蜘蛛の巣B_143 | 蜘蛛の巣B_144"
"o109930","Bridge wooden supports?","Webs — no confirmed spider","Hirata Estate","C:\Program Files (x86)\Steam\steamapps\common\Sekiro\obj\o109930.objbnd.dcx","N:\NTC\data\Target\INTERROOT_win64\obj\o10\o109930\o109930.flver","0, 1, 2","","蜘蛛の巣B_091 | 蜘蛛の巣B_092 | 蜘蛛の巣B_094 | 蜘蛛の巣B_034 | 蜘蛛の巣B_096 | 蜘蛛の巣B_095 | 蜘蛛の巣B_12 | 蜘蛛の巣B_069 | 蜘蛛の巣B_053 | 蜘蛛の巣B_070 | 蜘蛛の巣B_052 | 蜘蛛の巣B_089 | 蜘蛛の巣B_090 | 蜘蛛の巣B_093 | 蜘蛛の巣セット(天井)G_008 | 蜘蛛の巣セット(天井)G_007 | 蜘蛛の巣 | N:\NTC\data\Model\map\m10\tex\m10_spiderweb_01_a.tif | N:\NTC\data\Model\map\m10\tex\m10_spiderweb_00_n.tif | N:\NTC\data\Model\map\m10\tex\m10_spiderweb_02_a.tif | N:\NTC\data\Model\map\m10\tex\m10_spiderweb_03_a.tif"
"o109930","Bridge wooden supports?","Webs — no confirmed spider","Hirata Estate","C:\Program Files (x86)\Steam\steamapps\common\Sekiro\obj\o109930.objbnd.dcx","N:\NTC\data\Target\INTERROOT_win64\obj\o10\o109930\o109930_S.flver","","","蜘蛛の巣B_091 | 蜘蛛の巣B_092 | 蜘蛛の巣B_094 | 蜘蛛の巣B_034 | 蜘蛛の巣B_096 | 蜘蛛の巣B_095 | 蜘蛛の巣B_12 | 蜘蛛の巣B_069 | 蜘蛛の巣B_053 | 蜘蛛の巣B_070 | 蜘蛛の巣B_052 | 蜘蛛の巣B_089 | 蜘蛛の巣B_090 | 蜘蛛の巣B_093 | 蜘蛛の巣セット(天井)G_008 | 蜘蛛の巣セット(天井)G_007"
"o114585","Destroyed wooden cart","Likely false positive: erosion/vegetation/object","","C:\Program Files (x86)\Steam\steamapps\common\Sekiro\obj\o114585.objbnd.dcx","N:\NTC\data\Target\INTERROOT_win64\obj\o11\o114585\o114585.flver","9, 10","","ムシロ雪 | ムシロ縁"
"o114585","Destroyed wooden cart","Likely false positive: erosion/vegetation/object","","C:\Program Files (x86)\Steam\steamapps\common\Sekiro\obj\o114585.objbnd.dcx","N:\NTC\data\Target\INTERROOT_win64\obj\o11\o114585\o114585_S.flver","6","","ムシロ縁"
"o123001","Destroyed wooden cart","Likely false positive: erosion/vegetation/object","","C:\Program Files (x86)\Steam\steamapps\common\Sekiro\obj\o123001.objbnd.dcx","N:\NTC\data\Target\INTERROOT_win64\obj\o12\o123001\o123001.flver","10, 11","","ムシロ雪 | ムシロ縁"
"o123001","Destroyed wooden cart","Likely false positive: erosion/vegetation/object","","C:\Program Files (x86)\Steam\steamapps\common\Sekiro\obj\o123001.objbnd.dcx","N:\NTC\data\Target\INTERROOT_win64\obj\o12\o123001\o123001_S.flver","7","","ムシロ縁"
"o124290","Pot with cloth underneathe","Scenery/object — likely worms or centipedes","","C:\Program Files (x86)\Steam\steamapps\common\Sekiro\obj\o124290.objbnd.dcx","N:\NTC\data\Target\INTERROOT_win64_havok\obj\o12\o124290\o124290.flver","0, 1","","虫の大群A_001 | 虫の大群E_001 | 虫の大群D_001 | 虫の大群C_001 | 虫の大群B_001 | 虫の大群A_002 | 虫の大群D_002 | 虫の大群B_002 | 虫の大群C_002 | 虫の大群E_002 | 虫の大群D_003 | 虫の大群A_003 | 虫の大群D_004 | 虫の大群C_003 | 虫の大群C_004 | 虫の大群A_004 | 虫の大群E_003 | 虫の大群E_004 | 虫の大群B_003 | 虫の大群B_004 | 虫の大群A_005 | 虫の大群E_005 | 虫の大群D_005 | 虫の大群C_005 | 虫の大群B_005 | 虫の大群A_006 | 虫の大群D_006 | 虫の大群B_006 | 虫の大群C_006 | 虫の大群E_006 | 虫の大群D_007 | 虫の大群A_007 | 虫の大群D_008 | 虫の大群C_007 | 虫の大群C_008 | 虫の大群A_008 | 虫の大群E_007 | 虫の大群E_008 | 虫の大群B_007 | 虫の大群B_008 | 虫の大群A_009 | 虫の大群E_009 | 虫の大群D_009 | 虫の大群C_009 | 虫の大群B_009 | 虫の大群A_010 | 虫の大群D_010 | 虫の大群B_010 | 虫の大群C_010 | 虫の大群E_010 | 虫の大群D_011 | 虫の大群A_011 | 虫の大群D_012 | 虫の大群C_011 | 虫の大群C_012 | 虫の大群A_012 | 虫の大群E_011 | 虫の大群E_012 | 虫の大群B_011 | 虫の大群B_012 | 虫の大群A_013 | 虫の大群E_013 | 虫の大群D_013 | 虫の大群C_013 | 虫の大群B_013 | 虫の大群A_014 | 虫の大群D_014 | 虫の大群B_014 | 虫の大群C_014 | 虫の大群E_014 | 虫の大群D_015 | 虫の大群A_015 | 虫の大群D_016 | 虫の大群C_015 | 虫の大群C_016 | 虫の大群A_016 | 虫の大群E_015 | 虫の大群E_016 | 虫の大群B_015 | 虫の大群B_016 | N:\NTC\data\Model\map\m12\tex\m12_worm_body_01_a.tif | N:\NTC\data\Model\map\m12\tex\m12_worm_body_01_n.tif | N:\NTC\data\Model\map\m12\tex\m12_worm_01_a.tif | N:\NTC\data\Model\map\m12\tex\m12_worm_01_n.tif"
"o124290","Pot with cloth underneathe","Scenery/object — likely worms or centipedes","","C:\Program Files (x86)\Steam\steamapps\common\Sekiro\obj\o124290.objbnd.dcx","N:\NTC\data\Target\INTERROOT_win64_havok\obj\o12\o124290\o124290_S.flver","","","虫の大群A_001 | 虫の大群E_001 | 虫の大群D_001 | 虫の大群C_001 | 虫の大群B_001 | 虫の大群A_002 | 虫の大群D_002 | 虫の大群B_002 | 虫の大群C_002 | 虫の大群E_002 | 虫の大群D_003 | 虫の大群A_003 | 虫の大群D_004 | 虫の大群C_003 | 虫の大群C_004 | 虫の大群A_004 | 虫の大群E_003 | 虫の大群E_004 | 虫の大群B_003 | 虫の大群B_004 | 虫の大群A_005 | 虫の大群E_005 | 虫の大群D_005 | 虫の大群C_005 | 虫の大群B_005 | 虫の大群A_006 | 虫の大群D_006 | 虫の大群B_006 | 虫の大群C_006 | 虫の大群E_006 | 虫の大群D_007 | 虫の大群A_007 | 虫の大群D_008 | 虫の大群C_007 | 虫の大群C_008 | 虫の大群A_008 | 虫の大群E_007 | 虫の大群E_008 | 虫の大群B_007 | 虫の大群B_008 | 虫の大群A_009 | 虫の大群E_009 | 虫の大群D_009 | 虫の大群C_009 | 虫の大群B_009 | 虫の大群A_010 | 虫の大群D_010 | 虫の大群B_010 | 虫の大群C_010 | 虫の大群E_010 | 虫の大群D_011 | 虫の大群A_011 | 虫の大群D_012 | 虫の大群C_011 | 虫の大群C_012 | 虫の大群A_012 | 虫の大群E_011 | 虫の大群E_012 | 虫の大群B_011 | 虫の大群B_012 | 虫の大群A_013 | 虫の大群E_013 | 虫の大群D_013 | 虫の大群C_013 | 虫の大群B_013 | 虫の大群A_014 | 虫の大群D_014 | 虫の大群B_014 | 虫の大群C_014 | 虫の大群E_014 | 虫の大群D_015 | 虫の大群A_015 | 虫の大群D_016 | 虫の大群C_015 | 虫の大群C_016 | 虫の大群A_016 | 虫の大群E_015 | 虫の大群E_016 | 虫の大群B_015 | 虫の大群B_016"
"o134290","Infested pot?","Scenery/object — likely worms or centipedes","Abandoned Dungeon","C:\Program Files (x86)\Steam\steamapps\common\Sekiro\obj\o134290.objbnd.dcx","N:\NTC\data\Target\INTERROOT_win64\obj\o13\o134290\o134290.flver","2, 3, 4","","Infested pot? | M_o134290_虫単体 | M_o134290_板虫 | M_o134290_虫塊 | N:\NTC\data\Model\map\m13\tex\m13_worm_body_01_a.tif | N:\NTC\data\Model\map\m13\tex\m13_worm_body_01_n.tif | N:\NTC\data\Model\map\m13\tex\m13_worm_01_a.tif | N:\NTC\data\Model\map\m13\tex\m13_worm_01_n.tif"
"o134290","Infested pot?","Review name; not proof of a creature","Abandoned Dungeon","C:\Program Files (x86)\Steam\steamapps\common\Sekiro\obj\o134290.objbnd.dcx","N:\NTC\data\Target\INTERROOT_win64\obj\o13\o134290\o134290_1.flver","","","Infested pot?"
"o134290","Infested pot?","Scenery/object — likely worms or centipedes","Abandoned Dungeon","C:\Program Files (x86)\Steam\steamapps\common\Sekiro\obj\o134290.objbnd.dcx","N:\NTC\data\Target\INTERROOT_win64\obj\o13\o134290\o134290_S.flver","0, 1","","Infested pot? | M_o134290_虫単体 | M_o134290_虫塊 | N:\NTC\data\Model\map\m13\tex\m13_worm_body_01_a.tif | N:\NTC\data\Model\map\m13\tex\m13_worm_body_01_n.tif | N:\NTC\data\Model\map\m13\tex\m13_worm_01_a.tif | N:\NTC\data\Model\map\m13\tex\m13_worm_01_n.tif"
"o134290","Infested pot?","Review name; not proof of a creature","Abandoned Dungeon","C:\Program Files (x86)\Steam\steamapps\common\Sekiro\obj\o134290.objbnd.dcx","N:\NTC\data\Target\INTERROOT_win64\obj\o13\o134290\o134290_1_S.flver","","","Infested pot?"
"o134390","Infested drawer on wooden board?","Scenery/object — likely worms or centipedes","Abandoned Dungeon","C:\Program Files (x86)\Steam\steamapps\common\Sekiro\obj\o134390.objbnd.dcx","N:\NTC\data\Target\INTERROOT_win64\obj\o13\o134390\o134390.flver","3, 4","","Infested drawer on wooden board? | N:\NTC\data\Model\map\m13\tex\m13_worm_01_a.tif | N:\NTC\data\Model\map\m13\tex\m13_worm_01_n.tif | N:\NTC\data\Model\map\m13\tex\m13_worm_body_01_a.tif | N:\NTC\data\Model\map\m13\tex\m13_worm_body_01_n.tif"
"o134390","Infested drawer on wooden board?","Review name; not proof of a creature","Abandoned Dungeon","C:\Program Files (x86)\Steam\steamapps\common\Sekiro\obj\o134390.objbnd.dcx","N:\NTC\data\Target\INTERROOT_win64\obj\o13\o134390\o134390_1.flver","","","Infested drawer on wooden board?"
"o134390","Infested drawer on wooden board?","Scenery/object — likely worms or centipedes","Abandoned Dungeon","C:\Program Files (x86)\Steam\steamapps\common\Sekiro\obj\o134390.objbnd.dcx","N:\NTC\data\Target\INTERROOT_win64\obj\o13\o134390\o134390_S.flver","1, 2","","Infested drawer on wooden board? | N:\NTC\data\Model\map\m13\tex\m13_worm_01_a.tif | N:\NTC\data\Model\map\m13\tex\m13_worm_01_n.tif | N:\NTC\data\Model\map\m13\tex\m13_worm_body_01_a.tif | N:\NTC\data\Model\map\m13\tex\m13_worm_body_01_n.tif"
"o134390","Infested drawer on wooden board?","Review name; not proof of a creature","Abandoned Dungeon","C:\Program Files (x86)\Steam\steamapps\common\Sekiro\obj\o134390.objbnd.dcx","N:\NTC\data\Target\INTERROOT_win64\obj\o13\o134390\o134390_1_S.flver","","","Infested drawer on wooden board?"
"o157000","Long folder cloth","Scenery insects — visual inspection pending","Mibu Village","C:\Program Files (x86)\Steam\steamapps\common\Sekiro\obj\o157000.objbnd.dcx","N:\NTC\data\Target\INTERROOT_win64\obj\o15\o157000\o157000.flver","3","","N:\NTC\data\Model\map\m15\tex\m15_moth_01_a.tif | N:\NTC\data\Model\map\m15\tex\m15_moth_01_n.tif"
"o157000","Long folder cloth","Scenery insects — visual inspection pending","Mibu Village","C:\Program Files (x86)\Steam\steamapps\common\Sekiro\obj\o157000.objbnd.dcx","N:\NTC\data\Target\INTERROOT_win64\obj\o15\o157000\o157000_S.flver","3","","N:\NTC\data\Model\map\m15\tex\m15_moth_01_a.tif | N:\NTC\data\Model\map\m15\tex\m15_moth_01_n.tif"
"o157001","Long folder cloth","Scenery insects — visual inspection pending","Mibu Village","C:\Program Files (x86)\Steam\steamapps\common\Sekiro\obj\o157001.objbnd.dcx","N:\NTC\data\Target\INTERROOT_win64\obj\o15\o157001\o157001.flver","3","","N:\NTC\data\Model\map\m15\tex\m15_moth_01_a.tif | N:\NTC\data\Model\map\m15\tex\m15_moth_01_n.tif"
"o157001","Long folder cloth","Scenery insects — visual inspection pending","Mibu Village","C:\Program Files (x86)\Steam\steamapps\common\Sekiro\obj\o157001.objbnd.dcx","N:\NTC\data\Target\INTERROOT_win64\obj\o15\o157001\o157001_S.flver","3","","N:\NTC\data\Model\map\m15\tex\m15_moth_01_a.tif | N:\NTC\data\Model\map\m15\tex\m15_moth_01_n.tif"
"o157002","Long folder cloth","Scenery insects — visual inspection pending","Mibu Village","C:\Program Files (x86)\Steam\steamapps\common\Sekiro\obj\o157002.objbnd.dcx","N:\NTC\data\Target\INTERROOT_win64\obj\o15\o157002\o157002.flver","3","","N:\NTC\data\Model\map\m15\tex\m15_moth_01_a.tif | N:\NTC\data\Model\map\m15\tex\m15_moth_01_n.tif"
"o157002","Long folder cloth","Scenery insects — visual inspection pending","Mibu Village","C:\Program Files (x86)\Steam\steamapps\common\Sekiro\obj\o157002.objbnd.dcx","N:\NTC\data\Target\INTERROOT_win64\obj\o15\o157002\o157002_S.flver","3","","N:\NTC\data\Model\map\m15\tex\m15_moth_01_a.tif | N:\NTC\data\Model\map\m15\tex\m15_moth_01_n.tif"
"o205900","Infested monk","Scenery/object — likely worms or centipedes","Senpou Temple","C:\Program Files (x86)\Steam\steamapps\common\Sekiro\obj\o205900.objbnd.dcx","N:\NTC\data\Target\INTERROOT_win64\obj\o20\o205900\o205900.flver","0, 1","s20_00_0000.cutscenebnd.dcx","Infested monk | ムカデ | ムカデスクロール | N:\NTC\data\Model\map\m20\tex\m20_c1219_Mukade_a.tif | N:\NTC\data\Model\map\m20\tex\m20_c1219_Mukade_n.tif | N:\NTC\data\Model\map\m20\tex\m20_c1219_Mukade_B_a.tif | N:\NTC\data\Model\map\m20\tex\m20_c1219_Mukade_B_n.tif"
"o205900","Infested monk","Scenery/object — likely worms or centipedes","Senpou Temple","C:\Program Files (x86)\Steam\steamapps\common\Sekiro\obj\o205900.objbnd.dcx","N:\NTC\data\Target\INTERROOT_win64\obj\o20\o205900\o205900_S.flver","0","s20_00_0000.cutscenebnd.dcx","Infested monk | ムカデスクロール | N:\NTC\data\Model\map\m20\tex\m20_c1219_Mukade_B_a.tif | N:\NTC\data\Model\map\m20\tex\m20_c1219_Mukade_B_n.tif"
"o205910","Infested high priest monk","Scenery/object — likely worms or centipedes","Senpou Temple","C:\Program Files (x86)\Steam\steamapps\common\Sekiro\obj\o205910.objbnd.dcx","N:\NTC\data\Target\INTERROOT_win64\obj\o20\o205910\o205910.flver","0, 1","","Infested high priest monk | ムカデ | ムカデスクロール | N:\NTC\data\Model\map\m20\tex\m20_c1219_Mukade_a.tif | N:\NTC\data\Model\map\m20\tex\m20_c1219_Mukade_n.tif | N:\NTC\data\Model\map\m20\tex\m20_c1219_Mukade_B_a.tif | N:\NTC\data\Model\map\m20\tex\m20_c1219_Mukade_B_n.tif"
"o205910","Infested high priest monk","Scenery/object — likely worms or centipedes","Senpou Temple","C:\Program Files (x86)\Steam\steamapps\common\Sekiro\obj\o205910.objbnd.dcx","N:\NTC\data\Target\INTERROOT_win64\obj\o20\o205910\o205910_S.flver","0","","Infested high priest monk | ムカデスクロール | N:\NTC\data\Model\map\m20\tex\m20_c1219_Mukade_B_a.tif | N:\NTC\data\Model\map\m20\tex\m20_c1219_Mukade_B_n.tif"
"o253100","Large lantern?","Insect container — visual inspection pending","Fountainhead Palace","C:\Program Files (x86)\Steam\steamapps\common\Sekiro\obj\o253100.objbnd.dcx","N:\NTC\data\Target\INTERROOT_win64\obj\o25\o253100\o253100.flver","0","","N:\NTC\data\Model\map\m25\tex\m25_insect_Basket_01_a.tif | N:\NTC\data\Model\map\m25\tex\m25_insect_Basket_01_n.tif"
"o253100","Large lantern?","Insect container — visual inspection pending","Fountainhead Palace","C:\Program Files (x86)\Steam\steamapps\common\Sekiro\obj\o253100.objbnd.dcx","N:\NTC\data\Target\INTERROOT_win64\obj\o25\o253100\o253100_1.flver","0","","N:\NTC\data\Model\map\m25\tex\m25_insect_Basket_01_a.tif | N:\NTC\data\Model\map\m25\tex\m25_insect_Basket_01_n.tif"
"o253100","Large lantern?","Insect container — visual inspection pending","Fountainhead Palace","C:\Program Files (x86)\Steam\steamapps\common\Sekiro\obj\o253100.objbnd.dcx","N:\NTC\data\Target\INTERROOT_win64\obj\o25\o253100\o253100_S.flver","0","","N:\NTC\data\Model\map\m25\tex\m25_insect_Basket_01_a.tif | N:\NTC\data\Model\map\m25\tex\m25_insect_Basket_01_n.tif"
"o253100","Large lantern?","Insect container — visual inspection pending","Fountainhead Palace","C:\Program Files (x86)\Steam\steamapps\common\Sekiro\obj\o253100.objbnd.dcx","N:\NTC\data\Target\INTERROOT_win64\obj\o25\o253100\o253100_1_S.flver","0","","N:\NTC\data\Model\map\m25\tex\m25_insect_Basket_01_a.tif | N:\NTC\data\Model\map\m25\tex\m25_insect_Basket_01_n.tif"
"o253110","Destroyed container","Insect container — visual inspection pending","Fountainhead Palace","C:\Program Files (x86)\Steam\steamapps\common\Sekiro\obj\o253110.objbnd.dcx","N:\NTC\data\Target\INTERROOT_win64\obj\o25\o253110\o253110.flver","0","","N:\NTC\data\Model\map\m25\tex\m25_insect_Basket_01_a.tif | N:\NTC\data\Model\map\m25\tex\m25_insect_Basket_01_n.tif"
"o253110","Destroyed container","Insect container — visual inspection pending","Fountainhead Palace","C:\Program Files (x86)\Steam\steamapps\common\Sekiro\obj\o253110.objbnd.dcx","N:\NTC\data\Target\INTERROOT_win64\obj\o25\o253110\o253110_1.flver","0","","N:\NTC\data\Model\map\m25\tex\m25_insect_Basket_01_a.tif | N:\NTC\data\Model\map\m25\tex\m25_insect_Basket_01_n.tif"
"o253110","Destroyed container","Insect container — visual inspection pending","Fountainhead Palace","C:\Program Files (x86)\Steam\steamapps\common\Sekiro\obj\o253110.objbnd.dcx","N:\NTC\data\Target\INTERROOT_win64\obj\o25\o253110\o253110_S.flver","0","","N:\NTC\data\Model\map\m25\tex\m25_insect_Basket_01_a.tif | N:\NTC\data\Model\map\m25\tex\m25_insect_Basket_01_n.tif"
"o253110","Destroyed container","Insect container — visual inspection pending","Fountainhead Palace","C:\Program Files (x86)\Steam\steamapps\common\Sekiro\obj\o253110.objbnd.dcx","N:\NTC\data\Target\INTERROOT_win64\obj\o25\o253110\o253110_1_S.flver","0","","N:\NTC\data\Model\map\m25\tex\m25_insect_Basket_01_a.tif | N:\NTC\data\Model\map\m25\tex\m25_insect_Basket_01_n.tif"
"m10_00_00_00_002507","","Webs — no confirmed spider","Hirata","C:\Program Files (x86)\Steam\steamapps\common\Sekiro\map\m10_00_00_00\m10_00_00_00_002507.mapbnd.dcx","N:\NTC\data\Target\INTERROOT_win64\map\m10_00_00_00\m10_00_00_00_002507\m10_00_00_00_002507.flver","3, 4, 5","","蜘蛛の巣 | N:\NTC\data\Model\map\m10\tex\m10_spiderweb_01_a.tif | N:\NTC\data\Model\map\m10\tex\m10_spiderweb_00_n.tif | N:\NTC\data\Model\map\m10\tex\m10_spiderweb_02_a.tif | N:\NTC\data\Model\map\m10\tex\m10_spiderweb_03_a.tif"
"m10_00_00_00_603000","","Webs — no confirmed spider","Hirata","C:\Program Files (x86)\Steam\steamapps\common\Sekiro\map\m10_00_00_00\m10_00_00_00_603000.mapbnd.dcx","N:\NTC\data\Target\INTERROOT_win64\map\m10_00_00_00\m10_00_00_00_603000\m10_00_00_00_603000.flver","0, 1","","蜘蛛の巣 | N:\NTC\data\Model\map\m10\tex\m10_spiderweb_02_a.tif | N:\NTC\data\Model\map\m10\tex\m10_spiderweb_00_n.tif | N:\NTC\data\Model\map\m10\tex\m10_spiderweb_03_a.tif"
"m11_00_00_00_002500","","Webs — no confirmed spider","Ashina Outskirts","C:\Program Files (x86)\Steam\steamapps\common\Sekiro\map\m11_00_00_00\m11_00_00_00_002500.mapbnd.dcx","N:\NTC\data\Target\INTERROOT_win64\map\m11_00_00_00\m11_00_00_00_002500\m11_00_00_00_002500.flver","13, 14, 15","","N:\NTC\data\Model\map\m11\tex\m11_spiderweb_200_a.tif | N:\NTC\data\Model\map\m11\tex\m11_spiderweb_200_n.tif | N:\NTC\data\Model\map\m11\tex\m11_spiderweb_201_a.tif | N:\NTC\data\Model\map\m11\tex\m11_spiderweb_202_a.tif"
"m11_00_00_00_002500","","Webs — no confirmed spider","Ashina Outskirts","C:\Program Files (x86)\Steam\steamapps\common\Sekiro\map\m11_00_00_00\m11_00_00_00_002500.mapbnd.dcx","N:\NTC\data\Target\INTERROOT_win64\map\m11_00_00_00\m11_00_00_00_002500\m11_00_00_00_002500_S.flver","3, 4, 5","","N:\NTC\data\Model\map\m11\tex\m11_spiderweb_200_a.tif | N:\NTC\data\Model\map\m11\tex\m11_spiderweb_200_n.tif | N:\NTC\data\Model\map\m11\tex\m11_spiderweb_201_a.tif | N:\NTC\data\Model\map\m11\tex\m11_spiderweb_202_a.tif"
"m11_00_00_00_002501","","Webs — no confirmed spider","Ashina Outskirts","C:\Program Files (x86)\Steam\steamapps\common\Sekiro\map\m11_00_00_00\m11_00_00_00_002501.mapbnd.dcx","N:\NTC\data\Target\INTERROOT_win64\map\m11_00_00_00\m11_00_00_00_002501\m11_00_00_00_002501.flver","14","","N:\NTC\data\Model\map\m11\tex\m11_spiderweb_200_a.tif | N:\NTC\data\Model\map\m11\tex\m11_spiderweb_200_n.tif"
"m11_00_00_00_002501","","Webs — no confirmed spider","Ashina Outskirts","C:\Program Files (x86)\Steam\steamapps\common\Sekiro\map\m11_00_00_00\m11_00_00_00_002501.mapbnd.dcx","N:\NTC\data\Target\INTERROOT_win64\map\m11_00_00_00\m11_00_00_00_002501\m11_00_00_00_002501_S.flver","4","","N:\NTC\data\Model\map\m11\tex\m11_spiderweb_200_a.tif | N:\NTC\data\Model\map\m11\tex\m11_spiderweb_200_n.tif"
"m11_00_00_00_003693","","Webs — no confirmed spider","Ashina Outskirts","C:\Program Files (x86)\Steam\steamapps\common\Sekiro\map\m11_00_00_00\m11_00_00_00_003693.mapbnd.dcx","N:\NTC\data\Target\INTERROOT_win64\map\m11_00_00_00\m11_00_00_00_003693\m11_00_00_00_003693.flver","11, 12, 13","","N:\NTC\data\Model\map\m11\tex\m11_spiderweb_200_a.tif | N:\NTC\data\Model\map\m11\tex\m11_spiderweb_200_n.tif | N:\NTC\data\Model\map\m11\tex\m11_spiderweb_201_a.tif | N:\NTC\data\Model\map\m11\tex\m11_spiderweb_202_a.tif"
"m11_00_00_00_003693","","Webs — no confirmed spider","Ashina Outskirts","C:\Program Files (x86)\Steam\steamapps\common\Sekiro\map\m11_00_00_00\m11_00_00_00_003693.mapbnd.dcx","N:\NTC\data\Target\INTERROOT_win64\map\m11_00_00_00\m11_00_00_00_003693\m11_00_00_00_003693_S.flver","2, 3, 4","","N:\NTC\data\Model\map\m11\tex\m11_spiderweb_200_a.tif | N:\NTC\data\Model\map\m11\tex\m11_spiderweb_200_n.tif | N:\NTC\data\Model\map\m11\tex\m11_spiderweb_201_a.tif | N:\NTC\data\Model\map\m11\tex\m11_spiderweb_202_a.tif"
"m11_00_00_00_006080","","Likely false positive: erosion/vegetation/object","Ashina Outskirts","C:\Program Files (x86)\Steam\steamapps\common\Sekiro\map\m11_00_00_00\m11_00_00_00_006080.mapbnd.dcx","N:\NTC\data\Target\INTERROOT_win64\map\m11_00_00_00\m11_00_00_00_006080\m11_00_00_00_006080.flver","2, 3","","ムシロ雪 | ムシロ縁"
"m11_00_00_00_006080","","Likely false positive: erosion/vegetation/object","Ashina Outskirts","C:\Program Files (x86)\Steam\steamapps\common\Sekiro\map\m11_00_00_00\m11_00_00_00_006080.mapbnd.dcx","N:\NTC\data\Target\INTERROOT_win64\map\m11_00_00_00\m11_00_00_00_006080\m11_00_00_00_006080_S.flver","1","","ムシロ縁"
"m11_00_00_00_006081","","Likely false positive: erosion/vegetation/object","Ashina Outskirts","C:\Program Files (x86)\Steam\steamapps\common\Sekiro\map\m11_00_00_00\m11_00_00_00_006081.mapbnd.dcx","N:\NTC\data\Target\INTERROOT_win64\map\m11_00_00_00\m11_00_00_00_006081\m11_00_00_00_006081.flver","2, 3","","ムシロ雪 | ムシロ縁"
"m11_00_00_00_006081","","Likely false positive: erosion/vegetation/object","Ashina Outskirts","C:\Program Files (x86)\Steam\steamapps\common\Sekiro\map\m11_00_00_00\m11_00_00_00_006081.mapbnd.dcx","N:\NTC\data\Target\INTERROOT_win64\map\m11_00_00_00\m11_00_00_00_006081\m11_00_00_00_006081_S.flver","1","","ムシロ縁"
"m11_00_00_00_006082","","Likely false positive: erosion/vegetation/object","Ashina Outskirts","C:\Program Files (x86)\Steam\steamapps\common\Sekiro\map\m11_00_00_00\m11_00_00_00_006082.mapbnd.dcx","N:\NTC\data\Target\INTERROOT_win64\map\m11_00_00_00\m11_00_00_00_006082\m11_00_00_00_006082.flver","2, 3","","ムシロ雪 | ムシロ縁"
"m11_00_00_00_006082","","Likely false positive: erosion/vegetation/object","Ashina Outskirts","C:\Program Files (x86)\Steam\steamapps\common\Sekiro\map\m11_00_00_00\m11_00_00_00_006082.mapbnd.dcx","N:\NTC\data\Target\INTERROOT_win64\map\m11_00_00_00\m11_00_00_00_006082\m11_00_00_00_006082_S.flver","1","","ムシロ縁"
"m11_00_00_00_006083","","Likely false positive: erosion/vegetation/object","Ashina Outskirts","C:\Program Files (x86)\Steam\steamapps\common\Sekiro\map\m11_00_00_00\m11_00_00_00_006083.mapbnd.dcx","N:\NTC\data\Target\INTERROOT_win64\map\m11_00_00_00\m11_00_00_00_006083\m11_00_00_00_006083.flver","2, 3","","ムシロ雪 | ムシロ縁"
"m11_00_00_00_006083","","Likely false positive: erosion/vegetation/object","Ashina Outskirts","C:\Program Files (x86)\Steam\steamapps\common\Sekiro\map\m11_00_00_00\m11_00_00_00_006083.mapbnd.dcx","N:\NTC\data\Target\INTERROOT_win64\map\m11_00_00_00\m11_00_00_00_006083\m11_00_00_00_006083_S.flver","1","","ムシロ縁"
"m11_00_00_00_015010","","Webs — no confirmed spider","Ashina Outskirts","C:\Program Files (x86)\Steam\steamapps\common\Sekiro\map\m11_00_00_00\m11_00_00_00_015010.mapbnd.dcx","N:\NTC\data\Target\INTERROOT_win64\map\m11_00_00_00\m11_00_00_00_015010\m11_00_00_00_015010.flver","2, 3","","蜘蛛の巣 | N:\NTC\data\Model\map\m11\tex\m11_spiderweb_01_a.tif | N:\NTC\data\Model\map\m11\tex\m11_spiderweb_00_n.tif | N:\NTC\data\Model\map\m11\tex\m11_spiderweb_02_a.tif"
"m11_00_00_00_015051","","Webs — no confirmed spider","Ashina Outskirts","C:\Program Files (x86)\Steam\steamapps\common\Sekiro\map\m11_00_00_00\m11_00_00_00_015051.mapbnd.dcx","N:\NTC\data\Target\INTERROOT_win64\map\m11_00_00_00\m11_00_00_00_015051\m11_00_00_00_015051.flver","2, 3","","蜘蛛の巣 | N:\NTC\data\Model\map\m11\tex\m11_spiderweb_01_a.tif | N:\NTC\data\Model\map\m11\tex\m11_spiderweb_00_n.tif | N:\NTC\data\Model\map\m11\tex\m11_spiderweb_02_a.tif"
"m11_00_00_00_603000","","Likely false positive: erosion/vegetation/object","Ashina Outskirts","C:\Program Files (x86)\Steam\steamapps\common\Sekiro\map\m11_00_00_00\m11_00_00_00_603000.mapbnd.dcx","N:\NTC\data\Target\INTERROOT_win64\map\m11_00_00_00\m11_00_00_00_603000\m11_00_00_00_603000.flver","12, 13","","ムシロ雪 | ムシロ縁"
"m11_00_00_00_603000","","Likely false positive: erosion/vegetation/object","Ashina Outskirts","C:\Program Files (x86)\Steam\steamapps\common\Sekiro\map\m11_00_00_00\m11_00_00_00_603000.mapbnd.dcx","N:\NTC\data\Target\INTERROOT_win64\map\m11_00_00_00\m11_00_00_00_603000\m11_00_00_00_603000_S.flver","1","","ムシロ縁"
"m11_00_00_00_802040","","Webs — no confirmed spider","Ashina Outskirts","C:\Program Files (x86)\Steam\steamapps\common\Sekiro\map\m11_00_00_00\m11_00_00_00_802040.mapbnd.dcx","N:\NTC\data\Target\INTERROOT_win64\map\m11_00_00_00\m11_00_00_00_802040\m11_00_00_00_802040.flver","0, 1, 2","","N:\NTC\data\Material\mtd\map\M[m11_00]_Spiderweb.mtd | N:\NTC\data\Model\map\m11\tex\m11_spiderweb_02_a.tif | N:\NTC\data\Model\map\m11\tex\m11_spiderweb_00_n.tif | N:\NTC\data\Model\map\m11\tex\m11_spiderweb_03_a.tif"
"m11_01_00_00_002050","","Webs — no confirmed spider","Ashina Castle","C:\Program Files (x86)\Steam\steamapps\common\Sekiro\map\m11_01_00_00\m11_01_00_00_002050.mapbnd.dcx","N:\NTC\data\Target\INTERROOT_win64\map\m11_01_00_00\m11_01_00_00_002050\m11_01_00_00_002050.flver","7, 8, 9, 10, 11, 12, 13, 14, 15","","M[m11_00]_Spiderweb | N:\NTC\data\Material\mtd\map\M[m11_00]_Spiderweb.mtd | N:\NTC\data\Model\map\m11\tex\m11_spiderweb_02_a.tif | N:\NTC\data\Model\map\m11\tex\m11_spiderweb_03_a.tif | N:\NTC\data\Model\map\m11\tex\m11_spiderweb_00_n.tif"
"m11_01_00_00_002060","","Webs — no confirmed spider","Ashina Castle","C:\Program Files (x86)\Steam\steamapps\common\Sekiro\map\m11_01_00_00\m11_01_00_00_002060.mapbnd.dcx","N:\NTC\data\Target\INTERROOT_win64\map\m11_01_00_00\m11_01_00_00_002060\m11_01_00_00_002060.flver","8, 9, 10, 11, 12, 13, 14, 15, 16","","M[m11_00]_Spiderweb | N:\NTC\data\Material\mtd\map\M[m11_00]_Spiderweb.mtd | N:\NTC\data\Model\map\m11\tex\m11_spiderweb_02_a.tif | N:\NTC\data\Model\map\m11\tex\m11_spiderweb_03_a.tif | N:\NTC\data\Model\map\m11\tex\m11_spiderweb_00_n.tif"
"m11_01_00_00_003511","","Webs — no confirmed spider","Ashina Castle","C:\Program Files (x86)\Steam\steamapps\common\Sekiro\map\m11_01_00_00\m11_01_00_00_003511.mapbnd.dcx","N:\NTC\data\Target\INTERROOT_win64\map\m11_01_00_00\m11_01_00_00_003511\m11_01_00_00_003511.flver","6, 7, 8","","N:\NTC\data\Material\mtd\map\M[m11_00]_Spiderweb.mtd | N:\NTC\data\Model\map\m11\tex\m11_spiderweb_02_a.tif | N:\NTC\data\Model\map\m11\tex\m11_spiderweb_00_n.tif | N:\NTC\data\Model\map\m11\tex\m11_spiderweb_03_a.tif"
"m11_01_00_00_003693","","Webs — no confirmed spider","Ashina Castle","C:\Program Files (x86)\Steam\steamapps\common\Sekiro\map\m11_01_00_00\m11_01_00_00_003693.mapbnd.dcx","N:\NTC\data\Target\INTERROOT_win64\map\m11_01_00_00\m11_01_00_00_003693\m11_01_00_00_003693.flver","8, 9, 10","","N:\NTC\data\Model\map\m11\tex\m11_spiderweb_200_a.tif | N:\NTC\data\Model\map\m11\tex\m11_spiderweb_200_n.tif | N:\NTC\data\Model\map\m11\tex\m11_spiderweb_201_a.tif | N:\NTC\data\Model\map\m11\tex\m11_spiderweb_202_a.tif"
"m11_01_00_00_003693","","Webs — no confirmed spider","Ashina Castle","C:\Program Files (x86)\Steam\steamapps\common\Sekiro\map\m11_01_00_00\m11_01_00_00_003693.mapbnd.dcx","N:\NTC\data\Target\INTERROOT_win64\map\m11_01_00_00\m11_01_00_00_003693\m11_01_00_00_003693_S.flver","3, 4, 5","","N:\NTC\data\Model\map\m11\tex\m11_spiderweb_200_a.tif | N:\NTC\data\Model\map\m11\tex\m11_spiderweb_200_n.tif | N:\NTC\data\Model\map\m11\tex\m11_spiderweb_201_a.tif | N:\NTC\data\Model\map\m11\tex\m11_spiderweb_202_a.tif"
"m11_01_00_00_015049","","Webs — no confirmed spider","Ashina Castle","C:\Program Files (x86)\Steam\steamapps\common\Sekiro\map\m11_01_00_00\m11_01_00_00_015049.mapbnd.dcx","N:\NTC\data\Target\INTERROOT_win64\map\m11_01_00_00\m11_01_00_00_015049\m11_01_00_00_015049.flver","0, 1, 2","","N:\NTC\data\Material\mtd\map\M[m11_00]_Spiderweb.mtd | N:\NTC\data\Model\map\m11\tex\m11_spiderweb_02_a.tif | N:\NTC\data\Model\map\m11\tex\m11_spiderweb_03_a.tif"
"m11_01_00_00_015055","","Webs — no confirmed spider","Ashina Castle","C:\Program Files (x86)\Steam\steamapps\common\Sekiro\map\m11_01_00_00\m11_01_00_00_015055.mapbnd.dcx","N:\NTC\data\Target\INTERROOT_win64\map\m11_01_00_00\m11_01_00_00_015055\m11_01_00_00_015055.flver","8, 9","","蜘蛛の巣 | N:\NTC\data\Model\map\m11\tex\m11_spiderweb_01_a.tif | N:\NTC\data\Model\map\m11\tex\m11_spiderweb_00_n.tif | N:\NTC\data\Model\map\m11\tex\m11_spiderweb_02_a.tif"
"m11_01_00_00_700090","","Webs — no confirmed spider","Ashina Castle","C:\Program Files (x86)\Steam\steamapps\common\Sekiro\map\m11_01_00_00\m11_01_00_00_700090.mapbnd.dcx","N:\NTC\data\Target\INTERROOT_win64\map\m11_01_00_00\m11_01_00_00_700090\m11_01_00_00_700090.flver","0, 1, 2","","N:\NTC\data\Material\mtd\map\M[m11_00]_Spiderweb.mtd | N:\NTC\data\Model\map\m11\tex\m11_spiderweb_02_a.tif | N:\NTC\data\Model\map\m11\tex\m11_spiderweb_03_a.tif"
"m11_01_00_00_700091","","Webs — no confirmed spider","Ashina Castle","C:\Program Files (x86)\Steam\steamapps\common\Sekiro\map\m11_01_00_00\m11_01_00_00_700091.mapbnd.dcx","N:\NTC\data\Target\INTERROOT_win64\map\m11_01_00_00\m11_01_00_00_700091\m11_01_00_00_700091.flver","0, 1, 2","","N:\NTC\data\Material\mtd\map\M[m11_00]_Spiderweb.mtd | N:\NTC\data\Model\map\m11\tex\m11_spiderweb_02_a.tif | N:\NTC\data\Model\map\m11\tex\m11_spiderweb_03_a.tif"
"m11_01_00_00_702000","","Likely false positive: erosion/vegetation/object","Ashina Castle","C:\Program Files (x86)\Steam\steamapps\common\Sekiro\map\m11_01_00_00\m11_01_00_00_702000.mapbnd.dcx","N:\NTC\data\Target\INTERROOT_win64\map\m11_01_00_00\m11_01_00_00_702000\m11_01_00_00_702000.flver","3","","N:\NTC\data\Model\map\m11\tex\m11_worm_eaten_rock_02_a.tif"
"m11_01_00_00_702210","","Likely false positive: erosion/vegetation/object","Ashina Castle","C:\Program Files (x86)\Steam\steamapps\common\Sekiro\map\m11_01_00_00\m11_01_00_00_702210.mapbnd.dcx","N:\NTC\data\Target\INTERROOT_win64\map\m11_01_00_00\m11_01_00_00_702210\m11_01_00_00_702210.flver","4","","M_m702210【城_入り口_柱】_蝶番"
"m11_02_00_00_102000","","Likely false positive: erosion/vegetation/object","Ashina Reservoir","C:\Program Files (x86)\Steam\steamapps\common\Sekiro\map\m11_02_00_00\m11_02_00_00_102000.mapbnd.dcx","N:\NTC\data\Target\INTERROOT_win64\map\m11_02_00_00\m11_02_00_00_102000\m11_02_00_00_102000.flver","2","","M_m102000【木柱1】_木柱_虫食+劣化"
"m11_02_00_00_102100","","Likely false positive: erosion/vegetation/object","Ashina Reservoir","C:\Program Files (x86)\Steam\steamapps\common\Sekiro\map\m11_02_00_00\m11_02_00_00_102100.mapbnd.dcx","N:\NTC\data\Target\INTERROOT_win64\map\m11_02_00_00\m11_02_00_00_102100\m11_02_00_00_102100.flver","1","","M_m102100【木柱2】_木柱_虫食+劣化"
"m11_02_00_00_102200","","Likely false positive: erosion/vegetation/object","Ashina Reservoir","C:\Program Files (x86)\Steam\steamapps\common\Sekiro\map\m11_02_00_00\m11_02_00_00_102200.mapbnd.dcx","N:\NTC\data\Target\INTERROOT_win64\map\m11_02_00_00\m11_02_00_00_102200\m11_02_00_00_102200.flver","1","","M_m102200【木柱3】_木柱_虫食+劣化"
"m11_02_00_00_102300","","Likely false positive: erosion/vegetation/object","Ashina Reservoir","C:\Program Files (x86)\Steam\steamapps\common\Sekiro\map\m11_02_00_00\m11_02_00_00_102300.mapbnd.dcx","N:\NTC\data\Target\INTERROOT_win64\map\m11_02_00_00\m11_02_00_00_102300\m11_02_00_00_102300.flver","40","","M_m102300【木柱4】_木柱_虫食+劣化"
"m11_02_00_00_201090","","Webs — no confirmed spider","Ashina Reservoir","C:\Program Files (x86)\Steam\steamapps\common\Sekiro\map\m11_02_00_00\m11_02_00_00_201090.mapbnd.dcx","N:\NTC\data\Target\INTERROOT_win64\map\m11_02_00_00\m11_02_00_00_201090\m11_02_00_00_201090.flver","0, 1, 2","","M_m201090【番所_蜘蛛の巣】_01 | M_m201090【番所_蜘蛛の巣】_02 | M_m201090【番所_蜘蛛の巣】_03 | N:\NTC\data\Material\mtd\map\M[m11_00]_Spiderweb.mtd | N:\NTC\data\Model\map\m11\tex\m11_spiderweb_02_a.tif | N:\NTC\data\Model\map\m11\tex\m11_spiderweb_03_a.tif"
"m11_02_00_00_201590","","Webs — no confirmed spider","Ashina Reservoir","C:\Program Files (x86)\Steam\steamapps\common\Sekiro\map\m11_02_00_00\m11_02_00_00_201590.mapbnd.dcx","N:\NTC\data\Target\INTERROOT_win64\map\m11_02_00_00\m11_02_00_00_201590\m11_02_00_00_201590.flver","0, 1, 2","","M_m201590【皇子小屋_蜘蛛の巣】_蜘蛛の巣A | M_m201590【皇子小屋_蜘蛛の巣】_蜘蛛の巣B | M_m201590【皇子小屋_蜘蛛の巣】_蜘蛛の巣C | N:\NTC\data\Material\mtd\map\M[m11_00]_Spiderweb.mtd | N:\NTC\data\Model\map\m11\tex\m11_spiderweb_02_a.tif | N:\NTC\data\Model\map\m11\tex\m11_spiderweb_03_a.tif"
"m11_02_00_00_204000","","Likely false positive: erosion/vegetation/object","Ashina Reservoir","C:\Program Files (x86)\Steam\steamapps\common\Sekiro\map\m11_02_00_00\m11_02_00_00_204000.mapbnd.dcx","N:\NTC\data\Target\INTERROOT_win64\map\m11_02_00_00\m11_02_00_00_204000\m11_02_00_00_204000.flver","2","","M_m204000【座敷牢】_檻_蝶番"
"m11_02_00_00_303000","","Webs — no confirmed spider","Ashina Reservoir","C:\Program Files (x86)\Steam\steamapps\common\Sekiro\map\m11_02_00_00\m11_02_00_00_303000.mapbnd.dcx","N:\NTC\data\Target\INTERROOT_win64\map\m11_02_00_00\m11_02_00_00_303000\m11_02_00_00_303000.flver","7, 8","","N:\NTC\data\Material\mtd\map\M[m11_00]_Spiderweb.mtd | N:\NTC\data\Model\map\m11\tex\m11_spiderweb_02_a.tif | N:\NTC\data\Model\map\m11\tex\m11_spiderweb_03_a.tif"
"m11_02_00_00_304000","","Webs — no confirmed spider","Ashina Reservoir","C:\Program Files (x86)\Steam\steamapps\common\Sekiro\map\m11_02_00_00\m11_02_00_00_304000.mapbnd.dcx","N:\NTC\data\Target\INTERROOT_win64\map\m11_02_00_00\m11_02_00_00_304000\m11_02_00_00_304000.flver","0, 1, 2","","M_m304000【抜け穴_支え木】_蜘蛛の巣A | M_m304000【抜け穴_支え木】_蜘蛛の巣B | M_m304000【抜け穴_支え木】_蜘蛛の巣C | N:\NTC\data\Material\mtd\map\M[m11_00]_Spiderweb.mtd | N:\NTC\data\Model\map\m11\tex\m11_spiderweb_02_a.tif | N:\NTC\data\Model\map\m11\tex\m11_spiderweb_03_a.tif"
"m13_00_00_00_000800","","Scenery/object — likely worms or centipedes","Abandoned Dungeon","C:\Program Files (x86)\Steam\steamapps\common\Sekiro\map\m13_00_00_00\m13_00_00_00_000800.mapbnd.dcx","N:\NTC\data\Target\INTERROOT_win64\map\m13_00_00_00\m13_00_00_00_000800\m13_00_00_00_000800.flver","7","","M_m000800【首置台】_虫単体 | N:\NTC\data\Model\map\m13\tex\m13_worm_body_01_a.tif | N:\NTC\data\Model\map\m13\tex\m13_worm_body_01_n.tif"
"m13_00_00_00_000800","","Scenery/object — likely worms or centipedes","Abandoned Dungeon","C:\Program Files (x86)\Steam\steamapps\common\Sekiro\map\m13_00_00_00\m13_00_00_00_000800.mapbnd.dcx","N:\NTC\data\Target\INTERROOT_win64\map\m13_00_00_00\m13_00_00_00_000800\m13_00_00_00_000800_S.flver","2","","M_m000800【首置台】_虫単体 | N:\NTC\data\Model\map\m13\tex\m13_worm_body_01_a.tif | N:\NTC\data\Model\map\m13\tex\m13_worm_body_01_n.tif"
"m13_00_00_00_000810","","Scenery/object — likely worms or centipedes","Abandoned Dungeon","C:\Program Files (x86)\Steam\steamapps\common\Sekiro\map\m13_00_00_00\m13_00_00_00_000810.mapbnd.dcx","N:\NTC\data\Target\INTERROOT_win64\map\m13_00_00_00\m13_00_00_00_000810\m13_00_00_00_000810.flver","7","","M_m000810【首置台】_虫単体 | N:\NTC\data\Model\map\m13\tex\m13_worm_body_01_a.tif | N:\NTC\data\Model\map\m13\tex\m13_worm_body_01_n.tif"
"m13_00_00_00_000810","","Scenery/object — likely worms or centipedes","Abandoned Dungeon","C:\Program Files (x86)\Steam\steamapps\common\Sekiro\map\m13_00_00_00\m13_00_00_00_000810.mapbnd.dcx","N:\NTC\data\Target\INTERROOT_win64\map\m13_00_00_00\m13_00_00_00_000810\m13_00_00_00_000810_S.flver","2","","M_m000810【首置台】_虫単体 | N:\NTC\data\Model\map\m13\tex\m13_worm_body_01_a.tif | N:\NTC\data\Model\map\m13\tex\m13_worm_body_01_n.tif"
"m13_00_00_00_001200","","Scenery/object — likely worms or centipedes","Abandoned Dungeon","C:\Program Files (x86)\Steam\steamapps\common\Sekiro\map\m13_00_00_00\m13_00_00_00_001200.mapbnd.dcx","N:\NTC\data\Target\INTERROOT_win64\map\m13_00_00_00\m13_00_00_00_001200\m13_00_00_00_001200.flver","1, 4","","M_m001200【死体_山】_蛆虫 | M_m001200【死体_山】_蛆虫山 | N:\NTC\data\Model\map\m13\tex\m13_worm_body_01_a.tif | N:\NTC\data\Model\map\m13\tex\m13_worm_body_01_n.tif | N:\NTC\data\Model\map\m13\tex\m13_worm_01_a.tif | N:\NTC\data\Model\map\m13\tex\m13_worm_01_n.tif"
"m13_00_00_00_001200","","Scenery/object — likely worms or centipedes","Abandoned Dungeon","C:\Program Files (x86)\Steam\steamapps\common\Sekiro\map\m13_00_00_00\m13_00_00_00_001200.mapbnd.dcx","N:\NTC\data\Target\INTERROOT_win64\map\m13_00_00_00\m13_00_00_00_001200\m13_00_00_00_001200_S.flver","0, 2","","M_m001200【死体_山】_蛆虫 | M_m001200【死体_山】_蛆虫山 | N:\NTC\data\Model\map\m13\tex\m13_worm_body_01_a.tif | N:\NTC\data\Model\map\m13\tex\m13_worm_body_01_n.tif | N:\NTC\data\Model\map\m13\tex\m13_worm_01_a.tif | N:\NTC\data\Model\map\m13\tex\m13_worm_01_n.tif"
"m13_00_00_00_003001","","Likely false positive: erosion/vegetation/object","Abandoned Dungeon","C:\Program Files (x86)\Steam\steamapps\common\Sekiro\map\m13_00_00_00\m13_00_00_00_003001.mapbnd.dcx","N:\NTC\data\Target\INTERROOT_win64\map\m13_00_00_00\m13_00_00_00_003001\m13_00_00_00_003001.flver","0","","M_m003001【洞窟壁A_虫食い】 | N:\NTC\data\Model\map\m13\tex\m13_worm_eaten_rock_02_a.tif | N:\NTC\data\Model\map\m13\tex\m13_worm_eaten_rock_02_n.tif"
"m13_00_00_00_003011","","Likely false positive: erosion/vegetation/object","Abandoned Dungeon","C:\Program Files (x86)\Steam\steamapps\common\Sekiro\map\m13_00_00_00\m13_00_00_00_003011.mapbnd.dcx","N:\NTC\data\Target\INTERROOT_win64\map\m13_00_00_00\m13_00_00_00_003011\m13_00_00_00_003011.flver","0","","M_m003011【洞窟壁B_虫食い】 | N:\NTC\data\Model\map\m13\tex\m13_worm_eaten_rock_02_a.tif | N:\NTC\data\Model\map\m13\tex\m13_worm_eaten_rock_02_n.tif"
"m13_00_00_00_007000","","Likely false positive: erosion/vegetation/object","Abandoned Dungeon","C:\Program Files (x86)\Steam\steamapps\common\Sekiro\map\m13_00_00_00\m13_00_00_00_007000.mapbnd.dcx","N:\NTC\data\Target\INTERROOT_win64\map\m13_00_00_00\m13_00_00_00_007000\m13_00_00_00_007000.flver","0","","M_m007000_虫食い"
"m13_00_00_00_101000","","Likely false positive: erosion/vegetation/object","Abandoned Dungeon","C:\Program Files (x86)\Steam\steamapps\common\Sekiro\map\m13_00_00_00\m13_00_00_00_101000.mapbnd.dcx","N:\NTC\data\Target\INTERROOT_win64\map\m13_00_00_00\m13_00_00_00_101000\m13_00_00_00_101000.flver","0, 1, 5, 8, 10","","M_虫食い岩 | N:\NTC\data\Model\map\m13\tex\m13_worm_eaten_rock_02_a.tif | N:\NTC\data\Model\map\m13\tex\m13_worm_eaten_rock_02_n.tif | N:\NTC\data\Model\map\m13\tex\m13_worm_eaten_rock_01_a.tif | N:\NTC\data\Model\map\m13\tex\m13_worm_eaten_rock_01_n.tif"
"m13_00_00_00_105000","","Webs — no confirmed spider","Abandoned Dungeon","C:\Program Files (x86)\Steam\steamapps\common\Sekiro\map\m13_00_00_00\m13_00_00_00_105000.mapbnd.dcx","N:\NTC\data\Target\INTERROOT_win64\map\m13_00_00_00\m13_00_00_00_105000\m13_00_00_00_105000.flver","3, 5, 6","","M_m105000_虫食い | M_m105000_蜘蛛の巣01 | M_m105000_蜘蛛の巣03 | N:\NTC\data\Material\mtd\map\M[m13_00]_Spiderweb.mtd | N:\NTC\data\Model\map\m13\tex\m13_spiderweb_03_a.tif"
"m13_00_00_00_105200","","Likely false positive: erosion/vegetation/object","Abandoned Dungeon","C:\Program Files (x86)\Steam\steamapps\common\Sekiro\map\m13_00_00_00\m13_00_00_00_105200.mapbnd.dcx","N:\NTC\data\Target\INTERROOT_win64\map\m13_00_00_00\m13_00_00_00_105200\m13_00_00_00_105200.flver","5","","M_m105200【吊り下げ場】_虫食い"
"m13_00_00_00_105300","","Likely false positive: erosion/vegetation/object","Abandoned Dungeon","C:\Program Files (x86)\Steam\steamapps\common\Sekiro\map\m13_00_00_00\m13_00_00_00_105300.mapbnd.dcx","N:\NTC\data\Target\INTERROOT_win64\map\m13_00_00_00\m13_00_00_00_105300\m13_00_00_00_105300.flver","0","","M_m105300_虫食い"
"m13_00_00_00_200200","","Likely false positive: erosion/vegetation/object","Abandoned Dungeon","C:\Program Files (x86)\Steam\steamapps\common\Sekiro\map\m13_00_00_00\m13_00_00_00_200200.mapbnd.dcx","N:\NTC\data\Target\INTERROOT_win64\map\m13_00_00_00\m13_00_00_00_200200\m13_00_00_00_200200.flver","4","","N:\NTC\data\Model\map\m13\tex\m13_worm_eaten_rock_02_a.tif | N:\NTC\data\Model\map\m13\tex\m13_worm_eaten_rock_02_n.tif"
"m13_00_00_00_201300","","Scenery/object — likely worms or centipedes","Abandoned Dungeon","C:\Program Files (x86)\Steam\steamapps\common\Sekiro\map\m13_00_00_00\m13_00_00_00_201300.mapbnd.dcx","N:\NTC\data\Target\INTERROOT_win64\map\m13_00_00_00\m13_00_00_00_201300\m13_00_00_00_201300.flver","2, 3","","M_m201300【死体】_蟲 | M_m201300【死体】_蟲塊 | N:\NTC\data\Model\map\m13\tex\m13_worm_body_01_a.tif | N:\NTC\data\Model\map\m13\tex\m13_worm_body_01_n.tif | N:\NTC\data\Model\map\m13\tex\m13_worm_01_a.tif | N:\NTC\data\Model\map\m13\tex\m13_worm_01_n.tif"
"m13_00_00_00_201300","","Scenery/object — likely worms or centipedes","Abandoned Dungeon","C:\Program Files (x86)\Steam\steamapps\common\Sekiro\map\m13_00_00_00\m13_00_00_00_201300.mapbnd.dcx","N:\NTC\data\Target\INTERROOT_win64\map\m13_00_00_00\m13_00_00_00_201300\m13_00_00_00_201300_S.flver","1, 2","","M_m201300【死体】_蟲 | M_m201300【死体】_蟲塊 | N:\NTC\data\Model\map\m13\tex\m13_worm_body_01_a.tif | N:\NTC\data\Model\map\m13\tex\m13_worm_body_01_n.tif | N:\NTC\data\Model\map\m13\tex\m13_worm_01_a.tif | N:\NTC\data\Model\map\m13\tex\m13_worm_01_n.tif"
"m13_00_00_00_202300","","Webs — no confirmed spider","Abandoned Dungeon","C:\Program Files (x86)\Steam\steamapps\common\Sekiro\map\m13_00_00_00\m13_00_00_00_202300.mapbnd.dcx","N:\NTC\data\Target\INTERROOT_win64\map\m13_00_00_00\m13_00_00_00_202300\m13_00_00_00_202300.flver","0, 1, 2","","M_蜘蛛の巣01 | M_蜘蛛の巣02 | M_蜘蛛の巣03 | N:\NTC\data\Material\mtd\map\M[m13_00]_Spiderweb.mtd | N:\NTC\data\Model\map\m13\tex\m13_spiderweb_02_a.tif | N:\NTC\data\Model\map\m13\tex\m13_spiderweb_03_a.tif"
"m13_00_00_00_205110","","Likely false positive: erosion/vegetation/object","Abandoned Dungeon","C:\Program Files (x86)\Steam\steamapps\common\Sekiro\map\m13_00_00_00\m13_00_00_00_205110.mapbnd.dcx","N:\NTC\data\Target\INTERROOT_win64\map\m13_00_00_00\m13_00_00_00_205110\m13_00_00_00_205110.flver","0, 2","","M_m007001_虫食い | M_m205110_虫食い"
"m13_00_00_00_205111","","Likely false positive: erosion/vegetation/object","Abandoned Dungeon","C:\Program Files (x86)\Steam\steamapps\common\Sekiro\map\m13_00_00_00\m13_00_00_00_205111.mapbnd.dcx","N:\NTC\data\Target\INTERROOT_win64\map\m13_00_00_00\m13_00_00_00_205111\m13_00_00_00_205111.flver","0","","M_m205121【木柱2_梁】_虫食い"
"m13_00_00_00_205120","","Likely false positive: erosion/vegetation/object","Abandoned Dungeon","C:\Program Files (x86)\Steam\steamapps\common\Sekiro\map\m13_00_00_00\m13_00_00_00_205120.mapbnd.dcx","N:\NTC\data\Target\INTERROOT_win64\map\m13_00_00_00\m13_00_00_00_205120\m13_00_00_00_205120.flver","0, 2","","M_m007001_虫食い | M_m205120_虫食い"
"m13_00_00_00_205121","","Likely false positive: erosion/vegetation/object","Abandoned Dungeon","C:\Program Files (x86)\Steam\steamapps\common\Sekiro\map\m13_00_00_00\m13_00_00_00_205121.mapbnd.dcx","N:\NTC\data\Target\INTERROOT_win64\map\m13_00_00_00\m13_00_00_00_205121\m13_00_00_00_205121.flver","0","","M_m205121【木柱2_梁】_虫食い"
"m13_00_00_00_205130","","Likely false positive: erosion/vegetation/object","Abandoned Dungeon","C:\Program Files (x86)\Steam\steamapps\common\Sekiro\map\m13_00_00_00\m13_00_00_00_205130.mapbnd.dcx","N:\NTC\data\Target\INTERROOT_win64\map\m13_00_00_00\m13_00_00_00_205130\m13_00_00_00_205130.flver","0","","M_m205130_虫食い"
"m13_00_00_00_206000","","Likely false positive: erosion/vegetation/object","Abandoned Dungeon","C:\Program Files (x86)\Steam\steamapps\common\Sekiro\map\m13_00_00_00\m13_00_00_00_206000.mapbnd.dcx","N:\NTC\data\Target\INTERROOT_win64\map\m13_00_00_00\m13_00_00_00_206000\m13_00_00_00_206000.flver","0","","M_虫食い岩 | N:\NTC\data\Model\map\m13\tex\m13_worm_eaten_rock_01_a.tif | N:\NTC\data\Model\map\m13\tex\m13_worm_eaten_rock_02_a.tif | N:\NTC\data\Model\map\m13\tex\m13_worm_eaten_rock_01_n.tif | N:\NTC\data\Model\map\m13\tex\m13_worm_eaten_rock_02_n.tif"
"m13_00_00_00_206010","","Likely false positive: erosion/vegetation/object","Abandoned Dungeon","C:\Program Files (x86)\Steam\steamapps\common\Sekiro\map\m13_00_00_00\m13_00_00_00_206010.mapbnd.dcx","N:\NTC\data\Target\INTERROOT_win64\map\m13_00_00_00\m13_00_00_00_206010\m13_00_00_00_206010.flver","0","","M_虫食い岩 | N:\NTC\data\Model\map\m13\tex\m13_worm_eaten_rock_01_a.tif | N:\NTC\data\Model\map\m13\tex\m13_worm_eaten_rock_02_a.tif | N:\NTC\data\Model\map\m13\tex\m13_worm_eaten_rock_01_n.tif | N:\NTC\data\Model\map\m13\tex\m13_worm_eaten_rock_02_n.tif"
"m13_00_00_00_206500","","Scenery/object — likely worms or centipedes","Abandoned Dungeon","C:\Program Files (x86)\Steam\steamapps\common\Sekiro\map\m13_00_00_00\m13_00_00_00_206500.mapbnd.dcx","N:\NTC\data\Target\INTERROOT_win64\map\m13_00_00_00\m13_00_00_00_206500\m13_00_00_00_206500.flver","0, 1, 2","","M_虫食い岩 | N:\NTC\data\Model\map\m13\tex\m13_worm_eaten_rock_01_a.tif | N:\NTC\data\Model\map\m13\tex\m13_worm_eaten_rock_02_a.tif | N:\NTC\data\Model\map\m13\tex\m13_worm_eaten_rock_01_n.tif | N:\NTC\data\Model\map\m13\tex\m13_worm_eaten_rock_02_n.tif | N:\NTC\data\Model\map\m13\tex\m13_worm_body_01_a.tif | N:\NTC\data\Model\map\m13\tex\m13_worm_body_01_n.tif | N:\NTC\data\Model\map\m13\tex\m13_worm_01_a.tif | N:\NTC\data\Model\map\m13\tex\m13_worm_01_n.tif"
"m13_00_00_00_206510","","Scenery/object — likely worms or centipedes","Abandoned Dungeon","C:\Program Files (x86)\Steam\steamapps\common\Sekiro\map\m13_00_00_00\m13_00_00_00_206510.mapbnd.dcx","N:\NTC\data\Target\INTERROOT_win64\map\m13_00_00_00\m13_00_00_00_206510\m13_00_00_00_206510.flver","0, 1","","N:\NTC\data\Model\map\m13\tex\m13_worm_body_01_a.tif | N:\NTC\data\Model\map\m13\tex\m13_worm_body_01_n.tif | N:\NTC\data\Model\map\m13\tex\m13_worm_01_a.tif | N:\NTC\data\Model\map\m13\tex\m13_worm_01_n.tif"
"m13_00_00_00_206600","","Scenery/object — likely worms or centipedes","Abandoned Dungeon","C:\Program Files (x86)\Steam\steamapps\common\Sekiro\map\m13_00_00_00\m13_00_00_00_206600.mapbnd.dcx","N:\NTC\data\Target\INTERROOT_win64\map\m13_00_00_00\m13_00_00_00_206600\m13_00_00_00_206600.flver","0, 1","","N:\NTC\data\Model\map\m13\tex\m13_worm_body_01_a.tif | N:\NTC\data\Model\map\m13\tex\m13_worm_body_01_n.tif | N:\NTC\data\Model\map\m13\tex\m13_worm_01_a.tif | N:\NTC\data\Model\map\m13\tex\m13_worm_01_n.tif"
"m13_00_00_00_300000","","Webs — no confirmed spider","Abandoned Dungeon","C:\Program Files (x86)\Steam\steamapps\common\Sekiro\map\m13_00_00_00\m13_00_00_00_300000.mapbnd.dcx","N:\NTC\data\Target\INTERROOT_win64\map\m13_00_00_00\m13_00_00_00_300000\m13_00_00_00_300000.flver","10, 11, 12","","N:\NTC\data\Material\mtd\map\M[m13_00]_Spiderweb.mtd | N:\NTC\data\Model\map\m13\tex\m13_spiderweb_02_a.tif | N:\NTC\data\Model\map\m13\tex\m13_spiderweb_03_a.tif"
"m13_00_00_00_300100","","Webs — no confirmed spider","Abandoned Dungeon","C:\Program Files (x86)\Steam\steamapps\common\Sekiro\map\m13_00_00_00\m13_00_00_00_300100.mapbnd.dcx","N:\NTC\data\Target\INTERROOT_win64\map\m13_00_00_00\m13_00_00_00_300100\m13_00_00_00_300100.flver","8, 9, 10","","N:\NTC\data\Material\mtd\map\M[m13_00]_Spiderweb.mtd | N:\NTC\data\Model\map\m13\tex\m13_spiderweb_02_a.tif | N:\NTC\data\Model\map\m13\tex\m13_spiderweb_03_a.tif"
"m15_00_00_00_242008","","Webs — no confirmed spider","Mibu Village","C:\Program Files (x86)\Steam\steamapps\common\Sekiro\map\m15_00_00_00\m15_00_00_00_242008.mapbnd.dcx","N:\NTC\data\Target\INTERROOT_win64\map\m15_00_00_00\m15_00_00_00_242008\m15_00_00_00_242008.flver","0, 1, 2","","蜘蛛の巣 | N:\NTC\data\Model\map\m15\tex\m15_spiderweb_01_a.tif | N:\NTC\data\Model\map\m15\tex\m15_spiderweb_00_n.tif | N:\NTC\data\Model\map\m15\tex\m15_spiderweb_02_a.tif | N:\NTC\data\Model\map\m15\tex\m15_spiderweb_03_a.tif"
"m15_00_00_00_602000","","Webs — no confirmed spider","Mibu Village","C:\Program Files (x86)\Steam\steamapps\common\Sekiro\map\m15_00_00_00\m15_00_00_00_602000.mapbnd.dcx","N:\NTC\data\Target\INTERROOT_win64\map\m15_00_00_00\m15_00_00_00_602000\m15_00_00_00_602000.flver","0, 1, 2","","蜘蛛の巣 | N:\NTC\data\Model\map\m15\tex\m15_spiderweb_01_a.tif | N:\NTC\data\Model\map\m15\tex\m15_spiderweb_00_n.tif | N:\NTC\data\Model\map\m15\tex\m15_spiderweb_02_a.tif | N:\NTC\data\Model\map\m15\tex\m15_spiderweb_03_a.tif"
"m15_00_00_00_602010","","Webs — no confirmed spider","Mibu Village","C:\Program Files (x86)\Steam\steamapps\common\Sekiro\map\m15_00_00_00\m15_00_00_00_602010.mapbnd.dcx","N:\NTC\data\Target\INTERROOT_win64\map\m15_00_00_00\m15_00_00_00_602010\m15_00_00_00_602010.flver","5, 6, 7","","蜘蛛の巣 | N:\NTC\data\Model\map\m15\tex\m15_spiderweb_01_a.tif | N:\NTC\data\Model\map\m15\tex\m15_spiderweb_00_n.tif | N:\NTC\data\Model\map\m15\tex\m15_spiderweb_02_a.tif | N:\NTC\data\Model\map\m15\tex\m15_spiderweb_03_a.tif"
"m17_00_00_00_300001","","Webs — no confirmed spider","Sunken Valley","C:\Program Files (x86)\Steam\steamapps\common\Sekiro\map\m17_00_00_00\m17_00_00_00_300001.mapbnd.dcx","N:\NTC\data\Target\INTERROOT_win64\map\m17_00_00_00\m17_00_00_00_300001\m17_00_00_00_300001.flver","0, 1, 2, 3","","N:\NTC\data\Model\map\m17\tex\m17_spiderweb_200_a.tif | N:\NTC\data\Model\map\m17\tex\m17_spiderweb_00_n.tif | N:\NTC\data\Model\map\m17\tex\m17_spiderweb_201_a.tif | N:\NTC\data\Model\map\m17\tex\m17_spiderweb_202_a.tif | N:\NTC\data\Model\map\m17\tex\m17_spiderweb_02_a.tif"
"m17_00_00_00_300001","","Webs — no confirmed spider","Sunken Valley","C:\Program Files (x86)\Steam\steamapps\common\Sekiro\map\m17_00_00_00\m17_00_00_00_300001.mapbnd.dcx","N:\NTC\data\Target\INTERROOT_win64\map\m17_00_00_00\m17_00_00_00_300001\m17_00_00_00_300001_S.flver","0, 1, 2, 3","","N:\NTC\data\Model\map\m17\tex\m17_spiderweb_200_a.tif | N:\NTC\data\Model\map\m17\tex\m17_spiderweb_00_n.tif | N:\NTC\data\Model\map\m17\tex\m17_spiderweb_201_a.tif | N:\NTC\data\Model\map\m17\tex\m17_spiderweb_202_a.tif | N:\NTC\data\Model\map\m17\tex\m17_spiderweb_02_a.tif"
"m17_00_00_00_300101","","Webs — no confirmed spider","Sunken Valley","C:\Program Files (x86)\Steam\steamapps\common\Sekiro\map\m17_00_00_00\m17_00_00_00_300101.mapbnd.dcx","N:\NTC\data\Target\INTERROOT_win64\map\m17_00_00_00\m17_00_00_00_300101\m17_00_00_00_300101.flver","0, 1, 2, 3","","N:\NTC\data\Model\map\m17\tex\m17_spiderweb_200_a.tif | N:\NTC\data\Model\map\m17\tex\m17_spiderweb_00_n.tif | N:\NTC\data\Model\map\m17\tex\m17_spiderweb_201_a.tif | N:\NTC\data\Model\map\m17\tex\m17_spiderweb_202_a.tif | N:\NTC\data\Model\map\m17\tex\m17_spiderweb_02_a.tif"
"m17_00_00_00_300101","","Webs — no confirmed spider","Sunken Valley","C:\Program Files (x86)\Steam\steamapps\common\Sekiro\map\m17_00_00_00\m17_00_00_00_300101.mapbnd.dcx","N:\NTC\data\Target\INTERROOT_win64\map\m17_00_00_00\m17_00_00_00_300101\m17_00_00_00_300101_S.flver","0, 1, 2, 3","","N:\NTC\data\Model\map\m17\tex\m17_spiderweb_200_a.tif | N:\NTC\data\Model\map\m17\tex\m17_spiderweb_00_n.tif | N:\NTC\data\Model\map\m17\tex\m17_spiderweb_201_a.tif | N:\NTC\data\Model\map\m17\tex\m17_spiderweb_202_a.tif | N:\NTC\data\Model\map\m17\tex\m17_spiderweb_02_a.tif"
"m17_00_00_00_300201","","Webs — no confirmed spider","Sunken Valley","C:\Program Files (x86)\Steam\steamapps\common\Sekiro\map\m17_00_00_00\m17_00_00_00_300201.mapbnd.dcx","N:\NTC\data\Target\INTERROOT_win64\map\m17_00_00_00\m17_00_00_00_300201\m17_00_00_00_300201.flver","0, 1, 2","","N:\NTC\data\Model\map\m17\tex\m17_spiderweb_200_a.tif | N:\NTC\data\Model\map\m17\tex\m17_spiderweb_200_n.tif | N:\NTC\data\Model\map\m17\tex\m17_spiderweb_201_a.tif | N:\NTC\data\Model\map\m17\tex\m17_spiderweb_202_a.tif"
"m17_00_00_00_300201","","Webs — no confirmed spider","Sunken Valley","C:\Program Files (x86)\Steam\steamapps\common\Sekiro\map\m17_00_00_00\m17_00_00_00_300201.mapbnd.dcx","N:\NTC\data\Target\INTERROOT_win64\map\m17_00_00_00\m17_00_00_00_300201\m17_00_00_00_300201_S.flver","0, 1, 2","","N:\NTC\data\Model\map\m17\tex\m17_spiderweb_200_a.tif | N:\NTC\data\Model\map\m17\tex\m17_spiderweb_200_n.tif | N:\NTC\data\Model\map\m17\tex\m17_spiderweb_201_a.tif | N:\NTC\data\Model\map\m17\tex\m17_spiderweb_202_a.tif"
"m17_00_00_00_300301","","Webs — no confirmed spider","Sunken Valley","C:\Program Files (x86)\Steam\steamapps\common\Sekiro\map\m17_00_00_00\m17_00_00_00_300301.mapbnd.dcx","N:\NTC\data\Target\INTERROOT_win64\map\m17_00_00_00\m17_00_00_00_300301\m17_00_00_00_300301.flver","0, 1","","N:\NTC\data\Model\map\m17\tex\m17_spiderweb_201_a.tif | N:\NTC\data\Model\map\m17\tex\m17_spiderweb_200_n.tif | N:\NTC\data\Model\map\m17\tex\m17_spiderweb_202_a.tif"
"m17_00_00_00_300301","","Webs — no confirmed spider","Sunken Valley","C:\Program Files (x86)\Steam\steamapps\common\Sekiro\map\m17_00_00_00\m17_00_00_00_300301.mapbnd.dcx","N:\NTC\data\Target\INTERROOT_win64\map\m17_00_00_00\m17_00_00_00_300301\m17_00_00_00_300301_S.flver","0, 1","","N:\NTC\data\Model\map\m17\tex\m17_spiderweb_201_a.tif | N:\NTC\data\Model\map\m17\tex\m17_spiderweb_200_n.tif | N:\NTC\data\Model\map\m17\tex\m17_spiderweb_202_a.tif"
"m17_00_00_00_300401","","Webs — no confirmed spider","Sunken Valley","C:\Program Files (x86)\Steam\steamapps\common\Sekiro\map\m17_00_00_00\m17_00_00_00_300401.mapbnd.dcx","N:\NTC\data\Target\INTERROOT_win64\map\m17_00_00_00\m17_00_00_00_300401\m17_00_00_00_300401.flver","0, 1, 2, 3","","N:\NTC\data\Model\map\m17\tex\m17_spiderweb_200_a.tif | N:\NTC\data\Model\map\m17\tex\m17_spiderweb_00_n.tif | N:\NTC\data\Model\map\m17\tex\m17_spiderweb_201_a.tif | N:\NTC\data\Model\map\m17\tex\m17_spiderweb_202_a.tif | N:\NTC\data\Model\map\m17\tex\m17_spiderweb_02_a.tif"
"m17_00_00_00_300401","","Webs — no confirmed spider","Sunken Valley","C:\Program Files (x86)\Steam\steamapps\common\Sekiro\map\m17_00_00_00\m17_00_00_00_300401.mapbnd.dcx","N:\NTC\data\Target\INTERROOT_win64\map\m17_00_00_00\m17_00_00_00_300401\m17_00_00_00_300401_S.flver","0, 1, 2, 3","","N:\NTC\data\Model\map\m17\tex\m17_spiderweb_200_a.tif | N:\NTC\data\Model\map\m17\tex\m17_spiderweb_00_n.tif | N:\NTC\data\Model\map\m17\tex\m17_spiderweb_201_a.tif | N:\NTC\data\Model\map\m17\tex\m17_spiderweb_202_a.tif | N:\NTC\data\Model\map\m17\tex\m17_spiderweb_02_a.tif"
"m17_00_00_00_301001","","Webs — no confirmed spider","Sunken Valley","C:\Program Files (x86)\Steam\steamapps\common\Sekiro\map\m17_00_00_00\m17_00_00_00_301001.mapbnd.dcx","N:\NTC\data\Target\INTERROOT_win64\map\m17_00_00_00\m17_00_00_00_301001\m17_00_00_00_301001.flver","0, 1, 2","","N:\NTC\data\Model\map\m17\tex\m17_spiderweb_01_a.tif | N:\NTC\data\Model\map\m17\tex\m17_spiderweb_00_n.tif | N:\NTC\data\Model\map\m17\tex\m17_spiderweb_02_a.tif | N:\NTC\data\Model\map\m17\tex\m17_spiderweb_03_a.tif"
"m17_00_00_00_301001","","Webs — no confirmed spider","Sunken Valley","C:\Program Files (x86)\Steam\steamapps\common\Sekiro\map\m17_00_00_00\m17_00_00_00_301001.mapbnd.dcx","N:\NTC\data\Target\INTERROOT_win64\map\m17_00_00_00\m17_00_00_00_301001\m17_00_00_00_301001_S.flver","0, 1, 2","","N:\NTC\data\Model\map\m17\tex\m17_spiderweb_01_a.tif | N:\NTC\data\Model\map\m17\tex\m17_spiderweb_00_n.tif | N:\NTC\data\Model\map\m17\tex\m17_spiderweb_02_a.tif | N:\NTC\data\Model\map\m17\tex\m17_spiderweb_03_a.tif"
"m17_00_00_00_808100","","Webs — no confirmed spider","Sunken Valley","C:\Program Files (x86)\Steam\steamapps\common\Sekiro\map\m17_00_00_00\m17_00_00_00_808100.mapbnd.dcx","N:\NTC\data\Target\INTERROOT_win64\map\m17_00_00_00\m17_00_00_00_808100\m17_00_00_00_808100.flver","0, 1, 2, 3","","M_蜘蛛の巣A | M_蜘蛛の巣B | M_蜘蛛の巣C | M_蜘蛛の巣D | N:\NTC\data\Model\map\m17\tex\m17_spiderweb_200_a.tif | N:\NTC\data\Model\map\m17\tex\m17_spiderweb_200_n.tif | N:\NTC\data\Model\map\m17\tex\m17_spiderweb_201_a.tif | N:\NTC\data\Model\map\m17\tex\m17_spiderweb_202_a.tif | N:\NTC\data\Model\map\m17\tex\m17_spiderweb_02_a.tif | N:\NTC\data\Model\map\m17\tex\m17_spiderweb_00_n.tif"
"m17_00_00_00_808100","","Webs — no confirmed spider","Sunken Valley","C:\Program Files (x86)\Steam\steamapps\common\Sekiro\map\m17_00_00_00\m17_00_00_00_808100.mapbnd.dcx","N:\NTC\data\Target\INTERROOT_win64\map\m17_00_00_00\m17_00_00_00_808100\m17_00_00_00_808100_S.flver","0, 1, 2, 3","","M_蜘蛛の巣A | M_蜘蛛の巣B | M_蜘蛛の巣C | M_蜘蛛の巣D | N:\NTC\data\Model\map\m17\tex\m17_spiderweb_200_a.tif | N:\NTC\data\Model\map\m17\tex\m17_spiderweb_200_n.tif | N:\NTC\data\Model\map\m17\tex\m17_spiderweb_201_a.tif | N:\NTC\data\Model\map\m17\tex\m17_spiderweb_202_a.tif | N:\NTC\data\Model\map\m17\tex\m17_spiderweb_02_a.tif | N:\NTC\data\Model\map\m17\tex\m17_spiderweb_00_n.tif"
"m20_00_00_00_102030","","Webs — no confirmed spider","Senpou Temple","C:\Program Files (x86)\Steam\steamapps\common\Sekiro\map\m20_00_00_00\m20_00_00_00_102030.mapbnd.dcx","N:\NTC\data\Target\INTERROOT_win64\map\m20_00_00_00\m20_00_00_00_102030\m20_00_00_00_102030.flver","7, 8, 9","","蜘蛛の巣 | N:\NTC\data\Model\map\m20\tex\m20_spiderweb_01_a.tif | N:\NTC\data\Model\map\m20\tex\m20_spiderweb_00_n.tif | N:\NTC\data\Model\map\m20\tex\m20_spiderweb_02_a.tif | N:\NTC\data\Model\map\m20\tex\m20_spiderweb_03_a.tif"
"m20_00_00_00_102031","","Webs — no confirmed spider","Senpou Temple","C:\Program Files (x86)\Steam\steamapps\common\Sekiro\map\m20_00_00_00\m20_00_00_00_102031.mapbnd.dcx","N:\NTC\data\Target\INTERROOT_win64\map\m20_00_00_00\m20_00_00_00_102031\m20_00_00_00_102031.flver","4, 5","","蜘蛛の巣 | N:\NTC\data\Model\map\m20\tex\m20_spiderweb_01_a.tif | N:\NTC\data\Model\map\m20\tex\m20_spiderweb_00_n.tif | N:\NTC\data\Model\map\m20\tex\m20_spiderweb_02_a.tif"
"m20_00_00_00_102041","","Webs — no confirmed spider","Senpou Temple","C:\Program Files (x86)\Steam\steamapps\common\Sekiro\map\m20_00_00_00\m20_00_00_00_102041.mapbnd.dcx","N:\NTC\data\Target\INTERROOT_win64\map\m20_00_00_00\m20_00_00_00_102041\m20_00_00_00_102041.flver","1, 2, 3","","蜘蛛の巣 | N:\NTC\data\Model\map\m20\tex\m20_spiderweb_01_a.tif | N:\NTC\data\Model\map\m20\tex\m20_spiderweb_00_n.tif | N:\NTC\data\Model\map\m20\tex\m20_spiderweb_02_a.tif | N:\NTC\data\Model\map\m20\tex\m20_spiderweb_03_a.tif"
"m20_00_00_00_102050","","Webs — no confirmed spider","Senpou Temple","C:\Program Files (x86)\Steam\steamapps\common\Sekiro\map\m20_00_00_00\m20_00_00_00_102050.mapbnd.dcx","N:\NTC\data\Target\INTERROOT_win64\map\m20_00_00_00\m20_00_00_00_102050\m20_00_00_00_102050.flver","2, 3, 4","","蜘蛛の巣 | N:\NTC\data\Model\map\m20\tex\m20_spiderweb_01_a.tif | N:\NTC\data\Model\map\m20\tex\m20_spiderweb_00_n.tif | N:\NTC\data\Model\map\m20\tex\m20_spiderweb_02_a.tif | N:\NTC\data\Model\map\m20\tex\m20_spiderweb_03_a.tif"
"m20_00_00_00_122012","","Webs — no confirmed spider","Senpou Temple","C:\Program Files (x86)\Steam\steamapps\common\Sekiro\map\m20_00_00_00\m20_00_00_00_122012.mapbnd.dcx","N:\NTC\data\Target\INTERROOT_win64\map\m20_00_00_00\m20_00_00_00_122012\m20_00_00_00_122012.flver","4, 5, 6","","蜘蛛の巣 | N:\NTC\data\Model\map\m20\tex\m20_spiderweb_01_a.tif | N:\NTC\data\Model\map\m20\tex\m20_spiderweb_00_n.tif | N:\NTC\data\Model\map\m20\tex\m20_spiderweb_02_a.tif | N:\NTC\data\Model\map\m20\tex\m20_spiderweb_03_a.tif"
"m20_00_00_00_132021","","Webs — no confirmed spider","Senpou Temple","C:\Program Files (x86)\Steam\steamapps\common\Sekiro\map\m20_00_00_00\m20_00_00_00_132021.mapbnd.dcx","N:\NTC\data\Target\INTERROOT_win64\map\m20_00_00_00\m20_00_00_00_132021\m20_00_00_00_132021.flver","12, 13","","蜘蛛の巣 | N:\NTC\data\Model\map\m20\tex\m20_spiderweb_01_a.tif | N:\NTC\data\Model\map\m20\tex\m20_spiderweb_00_n.tif | N:\NTC\data\Model\map\m20\tex\m20_spiderweb_02_a.tif"
"m20_00_00_00_132026","","Webs — no confirmed spider","Senpou Temple","C:\Program Files (x86)\Steam\steamapps\common\Sekiro\map\m20_00_00_00\m20_00_00_00_132026.mapbnd.dcx","N:\NTC\data\Target\INTERROOT_win64\map\m20_00_00_00\m20_00_00_00_132026\m20_00_00_00_132026.flver","0, 1, 2","","蜘蛛の巣 | N:\NTC\data\Model\map\m20\tex\m20_spiderweb_01_a.tif | N:\NTC\data\Model\map\m20\tex\m20_spiderweb_00_n.tif | N:\NTC\data\Model\map\m20\tex\m20_spiderweb_02_a.tif | N:\NTC\data\Model\map\m20\tex\m20_spiderweb_03_a.tif"
"m20_00_00_00_252110","","Webs — no confirmed spider","Senpou Temple","C:\Program Files (x86)\Steam\steamapps\common\Sekiro\map\m20_00_00_00\m20_00_00_00_252110.mapbnd.dcx","N:\NTC\data\Target\INTERROOT_win64\map\m20_00_00_00\m20_00_00_00_252110\m20_00_00_00_252110.flver","8, 9, 10","","蜘蛛の巣 | N:\NTC\data\Model\map\m20\tex\m20_spiderweb_01_a.tif | N:\NTC\data\Model\map\m20\tex\m20_spiderweb_00_n.tif | N:\NTC\data\Model\map\m20\tex\m20_spiderweb_02_a.tif | N:\NTC\data\Model\map\m20\tex\m20_spiderweb_03_a.tif"
"m20_00_00_00_312006","","Webs — no confirmed spider","Senpou Temple","C:\Program Files (x86)\Steam\steamapps\common\Sekiro\map\m20_00_00_00\m20_00_00_00_312006.mapbnd.dcx","N:\NTC\data\Target\INTERROOT_win64\map\m20_00_00_00\m20_00_00_00_312006\m20_00_00_00_312006.flver","2, 3, 4","","蜘蛛の巣 | N:\NTC\data\Model\map\m20\tex\m20_spiderweb_01_a.tif | N:\NTC\data\Model\map\m20\tex\m20_spiderweb_00_n.tif | N:\NTC\data\Model\map\m20\tex\m20_spiderweb_02_a.tif | N:\NTC\data\Model\map\m20\tex\m20_spiderweb_03_a.tif"
"m20_00_00_00_450000","","Scenery/object — likely worms or centipedes","Senpou Temple","C:\Program Files (x86)\Steam\steamapps\common\Sekiro\map\m20_00_00_00\m20_00_00_00_450000.mapbnd.dcx","N:\NTC\data\Target\INTERROOT_win64\map\m20_00_00_00\m20_00_00_00_450000\m20_00_00_00_450000.flver","0, 1, 2, 3","","虫 | 虫アルファ | N:\NTC\data\Material\mtd\map\M[m20_00]_Mukade_Scroll.mtd | N:\NTC\data\Material\mtd\map\M[m20_00]_Mukade_Scroll2.mtd | N:\NTC\data\Model\map\m20\tex\m20_worm_03_a.tif | N:\NTC\data\Model\map\m20\tex\m20_worm_03_n.tif | N:\NTC\data\Model\map\m20\tex\m20_worm_04_a.tif"
"m20_00_00_00_450000","","Scenery/object — likely worms or centipedes","Senpou Temple","C:\Program Files (x86)\Steam\steamapps\common\Sekiro\map\m20_00_00_00\m20_00_00_00_450000.mapbnd.dcx","N:\NTC\data\Target\INTERROOT_win64\map\m20_00_00_00\m20_00_00_00_450000\m20_00_00_00_450000_S.flver","0","","虫アルファ | N:\NTC\data\Model\map\m20\tex\m20_worm_04_a.tif | N:\NTC\data\Model\map\m20\tex\m20_worm_03_n.tif"
"m20_00_00_00_450001","","Scenery/object — likely worms or centipedes","Senpou Temple","C:\Program Files (x86)\Steam\steamapps\common\Sekiro\map\m20_00_00_00\m20_00_00_00_450001.mapbnd.dcx","N:\NTC\data\Target\INTERROOT_win64\map\m20_00_00_00\m20_00_00_00_450001\m20_00_00_00_450001.flver","1, 2, 3, 4","","虫 | 虫アルファ | N:\NTC\data\Material\mtd\map\M[m20_00]_Mukade_Scroll.mtd | N:\NTC\data\Material\mtd\map\M[m20_00]_Mukade_Scroll2.mtd | N:\NTC\data\Model\map\m20\tex\m20_worm_03_a.tif | N:\NTC\data\Model\map\m20\tex\m20_worm_03_n.tif | N:\NTC\data\Model\map\m20\tex\m20_worm_04_a.tif"
"m20_00_00_00_450001","","Scenery/object — likely worms or centipedes","Senpou Temple","C:\Program Files (x86)\Steam\steamapps\common\Sekiro\map\m20_00_00_00\m20_00_00_00_450001.mapbnd.dcx","N:\NTC\data\Target\INTERROOT_win64\map\m20_00_00_00\m20_00_00_00_450001\m20_00_00_00_450001_S.flver","1","","虫アルファ | N:\NTC\data\Model\map\m20\tex\m20_worm_04_a.tif | N:\NTC\data\Model\map\m20\tex\m20_worm_03_n.tif"
"m20_00_00_00_450002","","Scenery/object — likely worms or centipedes","Senpou Temple","C:\Program Files (x86)\Steam\steamapps\common\Sekiro\map\m20_00_00_00\m20_00_00_00_450002.mapbnd.dcx","N:\NTC\data\Target\INTERROOT_win64\map\m20_00_00_00\m20_00_00_00_450002\m20_00_00_00_450002.flver","1, 2, 3, 4","","虫 | 虫アルファ | N:\NTC\data\Material\mtd\map\M[m20_00]_Mukade_Scroll.mtd | N:\NTC\data\Material\mtd\map\M[m20_00]_Mukade_Scroll2.mtd | N:\NTC\data\Model\map\m20\tex\m20_worm_03_a.tif | N:\NTC\data\Model\map\m20\tex\m20_worm_03_n.tif | N:\NTC\data\Model\map\m20\tex\m20_worm_04_a.tif"
"m20_00_00_00_450002","","Scenery/object — likely worms or centipedes","Senpou Temple","C:\Program Files (x86)\Steam\steamapps\common\Sekiro\map\m20_00_00_00\m20_00_00_00_450002.mapbnd.dcx","N:\NTC\data\Target\INTERROOT_win64\map\m20_00_00_00\m20_00_00_00_450002\m20_00_00_00_450002_S.flver","1","","虫アルファ | N:\NTC\data\Model\map\m20\tex\m20_worm_04_a.tif | N:\NTC\data\Model\map\m20\tex\m20_worm_03_n.tif"
"m20_00_00_00_502001","","Scenery/object — likely worms or centipedes","Senpou Temple","C:\Program Files (x86)\Steam\steamapps\common\Sekiro\map\m20_00_00_00\m20_00_00_00_502001.mapbnd.dcx","N:\NTC\data\Target\INTERROOT_win64\map\m20_00_00_00\m20_00_00_00_502001\m20_00_00_00_502001.flver","1, 2, 3","","木材_虫食い | 虫単体 | 虫アルファ | N:\NTC\data\Model\map\m20\tex\m20_worm_02_a.tif | N:\NTC\data\Model\map\m20\tex\m20_worm_02_n.tif | N:\NTC\data\Model\map\m20\tex\m20_worm_04_a.tif | N:\NTC\data\Model\map\m20\tex\m20_worm_03_n.tif"
"m20_00_00_00_502001","","Scenery/object — likely worms or centipedes","Senpou Temple","C:\Program Files (x86)\Steam\steamapps\common\Sekiro\map\m20_00_00_00\m20_00_00_00_502001.mapbnd.dcx","N:\NTC\data\Target\INTERROOT_win64\map\m20_00_00_00\m20_00_00_00_502001\m20_00_00_00_502001_S.flver","0, 1","","虫単体 | 虫アルファ | N:\NTC\data\Model\map\m20\tex\m20_worm_02_a.tif | N:\NTC\data\Model\map\m20\tex\m20_worm_02_n.tif | N:\NTC\data\Model\map\m20\tex\m20_worm_04_a.tif | N:\NTC\data\Model\map\m20\tex\m20_worm_03_n.tif"
"m20_00_00_00_502003","","Scenery/object — likely worms or centipedes","Senpou Temple","C:\Program Files (x86)\Steam\steamapps\common\Sekiro\map\m20_00_00_00\m20_00_00_00_502003.mapbnd.dcx","N:\NTC\data\Target\INTERROOT_win64\map\m20_00_00_00\m20_00_00_00_502003\m20_00_00_00_502003.flver","0, 1, 2, 3","","虫 | 虫アルファ | N:\NTC\data\Material\mtd\map\M[m20_00]_Mukade_Scroll.mtd | N:\NTC\data\Material\mtd\map\M[m20_00]_Mukade_Scroll2.mtd | N:\NTC\data\Model\map\m20\tex\m20_worm_03_a.tif | N:\NTC\data\Model\map\m20\tex\m20_worm_03_n.tif | N:\NTC\data\Model\map\m20\tex\m20_worm_04_a.tif"
"m20_00_00_00_502003","","Scenery/object — likely worms or centipedes","Senpou Temple","C:\Program Files (x86)\Steam\steamapps\common\Sekiro\map\m20_00_00_00\m20_00_00_00_502003.mapbnd.dcx","N:\NTC\data\Target\INTERROOT_win64\map\m20_00_00_00\m20_00_00_00_502003\m20_00_00_00_502003_S.flver","0","","虫アルファ | N:\NTC\data\Model\map\m20\tex\m20_worm_04_a.tif | N:\NTC\data\Model\map\m20\tex\m20_worm_03_n.tif"
"m20_00_00_00_502005","","Likely false positive: erosion/vegetation/object","Senpou Temple","C:\Program Files (x86)\Steam\steamapps\common\Sekiro\map\m20_00_00_00\m20_00_00_00_502005.mapbnd.dcx","N:\NTC\data\Target\INTERROOT_win64\map\m20_00_00_00\m20_00_00_00_502005\m20_00_00_00_502005.flver","3","","木材_虫食い"
"m20_00_00_00_602011","","Webs — no confirmed spider","Senpou Temple","C:\Program Files (x86)\Steam\steamapps\common\Sekiro\map\m20_00_00_00\m20_00_00_00_602011.mapbnd.dcx","N:\NTC\data\Target\INTERROOT_win64\map\m20_00_00_00\m20_00_00_00_602011\m20_00_00_00_602011.flver","0, 1, 2","","蜘蛛の巣 | N:\NTC\data\Model\map\m20\tex\m20_spiderweb_01_a.tif | N:\NTC\data\Model\map\m20\tex\m20_spiderweb_00_n.tif | N:\NTC\data\Model\map\m20\tex\m20_spiderweb_02_a.tif | N:\NTC\data\Model\map\m20\tex\m20_spiderweb_03_a.tif"
"m20_00_00_00_632110","","Webs — no confirmed spider","Senpou Temple","C:\Program Files (x86)\Steam\steamapps\common\Sekiro\map\m20_00_00_00\m20_00_00_00_632110.mapbnd.dcx","N:\NTC\data\Target\INTERROOT_win64\map\m20_00_00_00\m20_00_00_00_632110\m20_00_00_00_632110.flver","18, 19, 20","","蜘蛛の巣 | N:\NTC\data\Model\map\m20\tex\m20_spiderweb_01_a.tif | N:\NTC\data\Model\map\m20\tex\m20_spiderweb_00_n.tif | N:\NTC\data\Model\map\m20\tex\m20_spiderweb_02_a.tif | N:\NTC\data\Model\map\m20\tex\m20_spiderweb_03_a.tif"
"m20_00_00_00_800002","","Webs — no confirmed spider","Senpou Temple","C:\Program Files (x86)\Steam\steamapps\common\Sekiro\map\m20_00_00_00\m20_00_00_00_800002.mapbnd.dcx","N:\NTC\data\Target\INTERROOT_win64\map\m20_00_00_00\m20_00_00_00_800002\m20_00_00_00_800002.flver","4, 5, 6","","蜘蛛の巣 | N:\NTC\data\Model\map\m20\tex\m20_spiderweb_01_a.tif | N:\NTC\data\Model\map\m20\tex\m20_spiderweb_00_n.tif | N:\NTC\data\Model\map\m20\tex\m20_spiderweb_02_a.tif | N:\NTC\data\Model\map\m20\tex\m20_spiderweb_03_a.tif"
"m20_00_00_00_810111","","Webs — no confirmed spider","Senpou Temple","C:\Program Files (x86)\Steam\steamapps\common\Sekiro\map\m20_00_00_00\m20_00_00_00_810111.mapbnd.dcx","N:\NTC\data\Target\INTERROOT_win64\map\m20_00_00_00\m20_00_00_00_810111\m20_00_00_00_810111.flver","2, 3, 4","","蜘蛛の巣 | N:\NTC\data\Model\map\m20\tex\m20_spiderweb_01_a.tif | N:\NTC\data\Model\map\m20\tex\m20_spiderweb_00_n.tif | N:\NTC\data\Model\map\m20\tex\m20_spiderweb_02_a.tif | N:\NTC\data\Model\map\m20\tex\m20_spiderweb_03_a.tif"
"m20_00_00_00_820111","","Webs — no confirmed spider","Senpou Temple","C:\Program Files (x86)\Steam\steamapps\common\Sekiro\map\m20_00_00_00\m20_00_00_00_820111.mapbnd.dcx","N:\NTC\data\Target\INTERROOT_win64\map\m20_00_00_00\m20_00_00_00_820111\m20_00_00_00_820111.flver","0, 1, 2","","蜘蛛の巣 | N:\NTC\data\Model\map\m20\tex\m20_spiderweb_01_a.tif | N:\NTC\data\Model\map\m20\tex\m20_spiderweb_00_n.tif | N:\NTC\data\Model\map\m20\tex\m20_spiderweb_02_a.tif | N:\NTC\data\Model\map\m20\tex\m20_spiderweb_03_a.tif"
"m20_00_00_00_830111","","Webs — no confirmed spider","Senpou Temple","C:\Program Files (x86)\Steam\steamapps\common\Sekiro\map\m20_00_00_00\m20_00_00_00_830111.mapbnd.dcx","N:\NTC\data\Target\INTERROOT_win64\map\m20_00_00_00\m20_00_00_00_830111\m20_00_00_00_830111.flver","1, 2, 3","","蜘蛛の巣 | N:\NTC\data\Model\map\m20\tex\m20_spiderweb_01_a.tif | N:\NTC\data\Model\map\m20\tex\m20_spiderweb_00_n.tif | N:\NTC\data\Model\map\m20\tex\m20_spiderweb_02_a.tif | N:\NTC\data\Model\map\m20\tex\m20_spiderweb_03_a.tif"
"m20_00_00_00_840110","","Webs — no confirmed spider","Senpou Temple","C:\Program Files (x86)\Steam\steamapps\common\Sekiro\map\m20_00_00_00\m20_00_00_00_840110.mapbnd.dcx","N:\NTC\data\Target\INTERROOT_win64\map\m20_00_00_00\m20_00_00_00_840110\m20_00_00_00_840110.flver","0, 1, 2","","蜘蛛の巣 | N:\NTC\data\Model\map\m20\tex\m20_spiderweb_01_a.tif | N:\NTC\data\Model\map\m20\tex\m20_spiderweb_00_n.tif | N:\NTC\data\Model\map\m20\tex\m20_spiderweb_02_a.tif | N:\NTC\data\Model\map\m20\tex\m20_spiderweb_03_a.tif"
"m20_00_00_00_850200","","Webs — no confirmed spider","Senpou Temple","C:\Program Files (x86)\Steam\steamapps\common\Sekiro\map\m20_00_00_00\m20_00_00_00_850200.mapbnd.dcx","N:\NTC\data\Target\INTERROOT_win64\map\m20_00_00_00\m20_00_00_00_850200\m20_00_00_00_850200.flver","0, 1, 2","","蜘蛛の巣 | N:\NTC\data\Model\map\m20\tex\m20_spiderweb_01_a.tif | N:\NTC\data\Model\map\m20\tex\m20_spiderweb_00_n.tif | N:\NTC\data\Model\map\m20\tex\m20_spiderweb_02_a.tif | N:\NTC\data\Model\map\m20\tex\m20_spiderweb_03_a.tif"
"m20_00_00_00_860111","","Webs — no confirmed spider","Senpou Temple","C:\Program Files (x86)\Steam\steamapps\common\Sekiro\map\m20_00_00_00\m20_00_00_00_860111.mapbnd.dcx","N:\NTC\data\Target\INTERROOT_win64\map\m20_00_00_00\m20_00_00_00_860111\m20_00_00_00_860111.flver","2, 3, 4","","蜘蛛の巣 | N:\NTC\data\Model\map\m20\tex\m20_spiderweb_01_a.tif | N:\NTC\data\Model\map\m20\tex\m20_spiderweb_00_n.tif | N:\NTC\data\Model\map\m20\tex\m20_spiderweb_02_a.tif | N:\NTC\data\Model\map\m20\tex\m20_spiderweb_03_a.tif"
"m25_00_00_00_000710","","Scenery/object — likely worms or centipedes","Fountainhead Palace","C:\Program Files (x86)\Steam\steamapps\common\Sekiro\map\m25_00_00_00\m25_00_00_00_000710.mapbnd.dcx","N:\NTC\data\Target\INTERROOT_win64\map\m25_00_00_00\m25_00_00_00_000710\m25_00_00_00_000710.flver","0, 1","","芋虫_発光 | N:\NTC\data\Material\mtd\map\M[m25_00]_insect.mtd | N:\NTC\data\Model\map\m25\tex\m25_insect_01_a.tif | N:\NTC\data\Model\map\m25\tex\m25_insect_01_n.tif | N:\NTC\data\Model\map\m25\tex\m25_insect_01_em.tif"
"m25_00_00_00_000710","","Scenery insects — visual inspection pending","Fountainhead Palace","C:\Program Files (x86)\Steam\steamapps\common\Sekiro\map\m25_00_00_00\m25_00_00_00_000710.mapbnd.dcx","N:\NTC\data\Target\INTERROOT_win64\map\m25_00_00_00\m25_00_00_00_000710\m25_00_00_00_000710_S.flver","0","","N:\NTC\data\Model\map\m25\tex\m25_insect_01_a.tif | N:\NTC\data\Model\map\m25\tex\m25_insect_01_n.tif"
"m25_00_00_00_000711","","Scenery/object — likely worms or centipedes","Fountainhead Palace","C:\Program Files (x86)\Steam\steamapps\common\Sekiro\map\m25_00_00_00\m25_00_00_00_000711.mapbnd.dcx","N:\NTC\data\Target\INTERROOT_win64\map\m25_00_00_00\m25_00_00_00_000711\m25_00_00_00_000711.flver","0, 1","","芋虫_発光 | N:\NTC\data\Material\mtd\map\M[m25_00]_insect.mtd | N:\NTC\data\Model\map\m25\tex\m25_insect_01_a.tif | N:\NTC\data\Model\map\m25\tex\m25_insect_01_n.tif | N:\NTC\data\Model\map\m25\tex\m25_insect_01_em.tif"
"m25_00_00_00_000711","","Scenery insects — visual inspection pending","Fountainhead Palace","C:\Program Files (x86)\Steam\steamapps\common\Sekiro\map\m25_00_00_00\m25_00_00_00_000711.mapbnd.dcx","N:\NTC\data\Target\INTERROOT_win64\map\m25_00_00_00\m25_00_00_00_000711\m25_00_00_00_000711_S.flver","0","","N:\NTC\data\Model\map\m25\tex\m25_insect_01_a.tif | N:\NTC\data\Model\map\m25\tex\m25_insect_01_n.tif"
"m25_00_00_00_000712","","Scenery insects — visual inspection pending","Fountainhead Palace","C:\Program Files (x86)\Steam\steamapps\common\Sekiro\map\m25_00_00_00\m25_00_00_00_000712.mapbnd.dcx","N:\NTC\data\Target\INTERROOT_win64\map\m25_00_00_00\m25_00_00_00_000712\m25_00_00_00_000712.flver","0, 1","","N:\NTC\data\Material\mtd\map\M[m25_00]_insect.mtd | N:\NTC\data\Model\map\m25\tex\m25_insect_01_a.tif | N:\NTC\data\Model\map\m25\tex\m25_insect_01_n.tif | N:\NTC\data\Model\map\m25\tex\m25_insect_01_em.tif"
"m25_00_00_00_000712","","Scenery insects — visual inspection pending","Fountainhead Palace","C:\Program Files (x86)\Steam\steamapps\common\Sekiro\map\m25_00_00_00\m25_00_00_00_000712.mapbnd.dcx","N:\NTC\data\Target\INTERROOT_win64\map\m25_00_00_00\m25_00_00_00_000712\m25_00_00_00_000712_S.flver","0","","N:\NTC\data\Model\map\m25\tex\m25_insect_01_a.tif | N:\NTC\data\Model\map\m25\tex\m25_insect_01_n.tif"
"m25_00_00_00_000750","","Scenery insects — visual inspection pending","Fountainhead Palace","C:\Program Files (x86)\Steam\steamapps\common\Sekiro\map\m25_00_00_00\m25_00_00_00_000750.mapbnd.dcx","N:\NTC\data\Target\INTERROOT_win64\map\m25_00_00_00\m25_00_00_00_000750\m25_00_00_00_000750.flver","0, 1","","N:\NTC\data\Material\mtd\map\M[m25_00]_insect.mtd | N:\NTC\data\Model\map\m25\tex\m25_insect_01_a.tif | N:\NTC\data\Model\map\m25\tex\m25_insect_01_n.tif | N:\NTC\data\Model\map\m25\tex\m25_insect_01_em.tif"
"m25_00_00_00_000750","","Scenery insects — visual inspection pending","Fountainhead Palace","C:\Program Files (x86)\Steam\steamapps\common\Sekiro\map\m25_00_00_00\m25_00_00_00_000750.mapbnd.dcx","N:\NTC\data\Target\INTERROOT_win64\map\m25_00_00_00\m25_00_00_00_000750\m25_00_00_00_000750_S.flver","0","","N:\NTC\data\Model\map\m25\tex\m25_insect_01_a.tif | N:\NTC\data\Model\map\m25\tex\m25_insect_01_n.tif"
"m25_00_00_00_002223","","Webs — no confirmed spider","Fountainhead Palace","C:\Program Files (x86)\Steam\steamapps\common\Sekiro\map\m25_00_00_00\m25_00_00_00_002223.mapbnd.dcx","N:\NTC\data\Target\INTERROOT_win64\map\m25_00_00_00\m25_00_00_00_002223\m25_00_00_00_002223.flver","4, 5, 6","","N:\NTC\data\Model\map\m25\tex\m25_spiderweb_01_a.tif | N:\NTC\data\Model\map\m25\tex\m25_spiderweb_00_n.tif | N:\NTC\data\Model\map\m25\tex\m25_spiderweb_02_a.tif | N:\NTC\data\Model\map\m25\tex\m25_spiderweb_03_a.tif"
"m25_00_00_00_002223","","Webs — no confirmed spider","Fountainhead Palace","C:\Program Files (x86)\Steam\steamapps\common\Sekiro\map\m25_00_00_00\m25_00_00_00_002223.mapbnd.dcx","N:\NTC\data\Target\INTERROOT_win64\map\m25_00_00_00\m25_00_00_00_002223\m25_00_00_00_002223_S.flver","1, 2, 3","","N:\NTC\data\Model\map\m25\tex\m25_spiderweb_01_a.tif | N:\NTC\data\Model\map\m25\tex\m25_spiderweb_00_n.tif | N:\NTC\data\Model\map\m25\tex\m25_spiderweb_02_a.tif | N:\NTC\data\Model\map\m25\tex\m25_spiderweb_03_a.tif"
"m25_00_00_00_002500","","Webs — no confirmed spider","Fountainhead Palace","C:\Program Files (x86)\Steam\steamapps\common\Sekiro\map\m25_00_00_00\m25_00_00_00_002500.mapbnd.dcx","N:\NTC\data\Target\INTERROOT_win64\map\m25_00_00_00\m25_00_00_00_002500\m25_00_00_00_002500.flver","6, 7, 8","","N:\NTC\data\Model\map\m25\tex\m25_spiderweb_01_a.tif | N:\NTC\data\Model\map\m25\tex\m25_spiderweb_00_n.tif | N:\NTC\data\Model\map\m25\tex\m25_spiderweb_02_a.tif | N:\NTC\data\Model\map\m25\tex\m25_spiderweb_03_a.tif"
"m25_00_00_00_002500","","Webs — no confirmed spider","Fountainhead Palace","C:\Program Files (x86)\Steam\steamapps\common\Sekiro\map\m25_00_00_00\m25_00_00_00_002500.mapbnd.dcx","N:\NTC\data\Target\INTERROOT_win64\map\m25_00_00_00\m25_00_00_00_002500\m25_00_00_00_002500_S.flver","0, 1, 2","","N:\NTC\data\Model\map\m25\tex\m25_spiderweb_01_a.tif | N:\NTC\data\Model\map\m25\tex\m25_spiderweb_00_n.tif | N:\NTC\data\Model\map\m25\tex\m25_spiderweb_02_a.tif | N:\NTC\data\Model\map\m25\tex\m25_spiderweb_03_a.tif"
"m25_00_00_00_002502","","Webs — no confirmed spider","Fountainhead Palace","C:\Program Files (x86)\Steam\steamapps\common\Sekiro\map\m25_00_00_00\m25_00_00_00_002502.mapbnd.dcx","N:\NTC\data\Target\INTERROOT_win64\map\m25_00_00_00\m25_00_00_00_002502\m25_00_00_00_002502.flver","6, 7, 8","","N:\NTC\data\Model\map\m25\tex\m25_spiderweb_01_a.tif | N:\NTC\data\Model\map\m25\tex\m25_spiderweb_00_n.tif | N:\NTC\data\Model\map\m25\tex\m25_spiderweb_02_a.tif | N:\NTC\data\Model\map\m25\tex\m25_spiderweb_03_a.tif"
"m25_00_00_00_002520","","Webs — no confirmed spider","Fountainhead Palace","C:\Program Files (x86)\Steam\steamapps\common\Sekiro\map\m25_00_00_00\m25_00_00_00_002520.mapbnd.dcx","N:\NTC\data\Target\INTERROOT_win64\map\m25_00_00_00\m25_00_00_00_002520\m25_00_00_00_002520.flver","2, 3, 4","","N:\NTC\data\Model\map\m25\tex\m25_spiderweb_01_a.tif | N:\NTC\data\Model\map\m25\tex\m25_spiderweb_00_n.tif | N:\NTC\data\Model\map\m25\tex\m25_spiderweb_02_a.tif | N:\NTC\data\Model\map\m25\tex\m25_spiderweb_03_a.tif"
"m25_00_00_00_002520","","Webs — no confirmed spider","Fountainhead Palace","C:\Program Files (x86)\Steam\steamapps\common\Sekiro\map\m25_00_00_00\m25_00_00_00_002520.mapbnd.dcx","N:\NTC\data\Target\INTERROOT_win64\map\m25_00_00_00\m25_00_00_00_002520\m25_00_00_00_002520_S.flver","1, 2, 3","","N:\NTC\data\Model\map\m25\tex\m25_spiderweb_01_a.tif | N:\NTC\data\Model\map\m25\tex\m25_spiderweb_00_n.tif | N:\NTC\data\Model\map\m25\tex\m25_spiderweb_02_a.tif | N:\NTC\data\Model\map\m25\tex\m25_spiderweb_03_a.tif"
"m25_00_00_00_004151","","Webs — no confirmed spider","Fountainhead Palace","C:\Program Files (x86)\Steam\steamapps\common\Sekiro\map\m25_00_00_00\m25_00_00_00_004151.mapbnd.dcx","N:\NTC\data\Target\INTERROOT_win64\map\m25_00_00_00\m25_00_00_00_004151\m25_00_00_00_004151.flver","0, 1, 2","","N:\NTC\data\Model\map\m25\tex\m25_spiderweb_01_a.tif | N:\NTC\data\Model\map\m25\tex\m25_spiderweb_00_n.tif | N:\NTC\data\Model\map\m25\tex\m25_spiderweb_02_a.tif | N:\NTC\data\Model\map\m25\tex\m25_spiderweb_03_a.tif"
"m25_00_00_00_004151","","Webs — no confirmed spider","Fountainhead Palace","C:\Program Files (x86)\Steam\steamapps\common\Sekiro\map\m25_00_00_00\m25_00_00_00_004151.mapbnd.dcx","N:\NTC\data\Target\INTERROOT_win64\map\m25_00_00_00\m25_00_00_00_004151\m25_00_00_00_004151_S.flver","0, 1, 2","","N:\NTC\data\Model\map\m25\tex\m25_spiderweb_01_a.tif | N:\NTC\data\Model\map\m25\tex\m25_spiderweb_00_n.tif | N:\NTC\data\Model\map\m25\tex\m25_spiderweb_02_a.tif | N:\NTC\data\Model\map\m25\tex\m25_spiderweb_03_a.tif"
"m25_00_00_00_006700","","Insect container — visual inspection pending","Fountainhead Palace","C:\Program Files (x86)\Steam\steamapps\common\Sekiro\map\m25_00_00_00\m25_00_00_00_006700.mapbnd.dcx","N:\NTC\data\Target\INTERROOT_win64\map\m25_00_00_00\m25_00_00_00_006700\m25_00_00_00_006700.flver","1","","N:\NTC\data\Model\map\m25\tex\m25_insect_Basket_01_a.tif | N:\NTC\data\Model\map\m25\tex\m25_insect_Basket_01_n.tif"
"m25_00_00_00_006700","","Insect container — visual inspection pending","Fountainhead Palace","C:\Program Files (x86)\Steam\steamapps\common\Sekiro\map\m25_00_00_00\m25_00_00_00_006700.mapbnd.dcx","N:\NTC\data\Target\INTERROOT_win64\map\m25_00_00_00\m25_00_00_00_006700\m25_00_00_00_006700_S.flver","1","","N:\NTC\data\Model\map\m25\tex\m25_insect_Basket_01_a.tif | N:\NTC\data\Model\map\m25\tex\m25_insect_Basket_01_n.tif"
"m25_00_00_00_311050","","Scenery insects — visual inspection pending","Fountainhead Palace","C:\Program Files (x86)\Steam\steamapps\common\Sekiro\map\m25_00_00_00\m25_00_00_00_311050.mapbnd.dcx","N:\NTC\data\Target\INTERROOT_win64\map\m25_00_00_00\m25_00_00_00_311050\m25_00_00_00_311050.flver","0, 1","","N:\NTC\data\Material\mtd\map\M[m25_00]_insect.mtd | N:\NTC\data\Model\map\m25\tex\m25_insect_01_a.tif | N:\NTC\data\Model\map\m25\tex\m25_insect_01_n.tif"
"m25_00_00_00_311050","","Scenery insects — visual inspection pending","Fountainhead Palace","C:\Program Files (x86)\Steam\steamapps\common\Sekiro\map\m25_00_00_00\m25_00_00_00_311050.mapbnd.dcx","N:\NTC\data\Target\INTERROOT_win64\map\m25_00_00_00\m25_00_00_00_311050\m25_00_00_00_311050_S.flver","0","","N:\NTC\data\Model\map\m25\tex\m25_insect_01_a.tif | N:\NTC\data\Model\map\m25\tex\m25_insect_01_n.tif"
